DATE,TIME,SITE,DATA ID,GPS Latitude (°),GPS Longitude (°),Barometer (mmHg),Cond (µS/cm),Sp Cond (µS/cm),Sal (psu),nLFCond (µS/cm),TDS (mg/L),Temp (°F),Sigma-T (s t),Sigma (s),Chlorophyll (RFU),Chlorophyll (µg/L),PC (RFU),PC (ug/L),ODO (% Sat),ODO (mg/L),ODO (% LocalB),pH,pH (mV),Pressure (psi a),Depth (m),Vertical Position (m)
8/15/2020,10:34:23 AM,Pond A,,0.00000 °,0.00000 °,736.3,416.4,415.8,0.2,415.7,270,77.2,-2.8,-2.8,0.37,1.74,-0.28,-0.29,98.8,8.15,102,16.26,-609.7,0.001,0.001,0.001
8/15/2020,10:34:23 AM,Pond A,,0.00000 °,0.00000 °,736.3,416.5,415.8,0.2,415.7,270,77.1,-2.8,-2.8,0.38,1.78,-0.27,-0.28,98.8,8.14,102,16.26,-609.7,0.001,0,0
8/15/2020,10:34:23 AM,Pond A,,0.00000 °,0.00000 °,736.3,416.5,415.8,0.2,415.7,270,77.1,-2.8,-2.8,0.38,1.78,-0.28,-0.29,98.8,8.14,102,16.26,-609.7,0.001,0,0.001
8/15/2020,10:34:23 AM,Pond A,,0.00000 °,0.00000 °,736.3,416.5,415.8,0.2,415.7,270,77.1,-2.8,-2.8,0.38,1.79,-0.28,-0.29,98.8,8.14,102,16.26,-609.7,0.001,0,0
8/15/2020,10:34:24 AM,Pond A,,0.00000 °,0.00000 °,736.4,416.5,415.8,0.2,415.7,270,77.1,-2.8,-2.8,0.39,1.81,-0.28,-0.29,98.8,8.14,102,16.26,-609.7,0.001,0,0.001
8/15/2020,10:34:24 AM,Pond A,,0.00000 °,0.00000 °,736.4,416.5,415.8,0.2,415.7,270,77.1,-2.8,-2.8,0.39,1.82,-0.27,-0.29,98.8,8.14,101.9,16.26,-609.7,0.001,0.001,0.002
8/15/2020,10:34:24 AM,Pond A,,0.00000 °,0.00000 °,736.4,416.5,415.8,0.2,415.7,270,77.1,-2.8,-2.8,0.39,1.81,-0.27,-0.28,98.8,8.14,101.9,16.26,-609.7,0.001,0,0
8/15/2020,10:34:24 AM,Pond A,,0.00000 °,0.00000 °,736.4,416.5,415.8,0.2,415.8,270,77.1,-2.8,-2.8,0.39,1.81,-0.26,-0.28,98.7,8.14,101.9,16.26,-609.7,0.001,0,0
8/15/2020,10:34:25 AM,Pond A,,0.00000 °,0.00000 °,736.3,416.5,415.8,0.2,415.8,270,77.2,-2.8,-2.8,0.39,1.82,-0.25,-0.27,98.7,8.14,101.9,16.26,-609.7,0.001,0.001,0.002
8/15/2020,10:34:25 AM,Pond A,,0.00000 °,0.00000 °,736.3,416.5,415.9,0.2,415.8,270,77.2,-2.8,-2.8,0.38,1.8,-0.26,-0.28,98.7,8.14,101.9,16.26,-609.7,0.001,0,0
8/15/2020,10:34:25 AM,Pond A,,0.00000 °,0.00000 °,736.3,416.6,415.9,0.2,415.8,270,77.2,-2.8,-2.8,0.39,1.81,-0.26,-0.28,98.7,8.14,101.9,16.26,-609.7,0.001,0,0
8/15/2020,10:34:25 AM,Pond A,,0.00000 °,0.00000 °,736.3,416.6,415.9,0.2,415.8,270,77.2,-2.8,-2.8,0.39,1.82,-0.26,-0.28,98.7,8.14,101.9,16.26,-609.7,0.001,0,0.001
8/15/2020,10:34:26 AM,Pond A,,0.00000 °,0.00000 °,736.3,416.6,415.9,0.2,415.8,270,77.2,-2.8,-2.8,0.39,1.83,-0.26,-0.28,98.7,8.13,101.9,16.26,-609.7,0,0,-0.001
8/15/2020,10:34:26 AM,Pond A,,0.00000 °,0.00000 °,736.3,416.6,415.9,0.2,415.8,270,77.2,-2.8,-2.8,0.39,1.81,-0.26,-0.28,98.7,8.13,101.9,16.26,-609.7,0,0,0
8/15/2020,10:34:26 AM,Pond A,,0.00000 °,0.00000 °,736.3,416.6,415.9,0.2,415.9,270,77.2,-2.8,-2.8,0.39,1.83,-0.26,-0.28,98.7,8.13,101.9,16.26,-609.7,0,0,0
8/15/2020,10:34:26 AM,Pond A,,0.00000 °,0.00000 °,736.3,416.6,415.9,0.2,415.9,270,77.2,-2.8,-2.8,0.4,1.85,-0.26,-0.28,98.7,8.13,101.8,16.26,-609.7,0.001,0,0.001
8/15/2020,10:34:27 AM,Pond A,,0.00000 °,0.00000 °,736.4,416.7,415.9,0.2,415.9,270,77.2,-2.8,-2.8,0.4,1.87,-0.26,-0.28,98.7,8.13,101.8,16.26,-609.7,0.001,0,0.001
8/15/2020,10:34:27 AM,Pond A,,0.00000 °,0.00000 °,736.4,416.7,416,0.2,415.9,270,77.2,-2.8,-2.8,0.41,1.89,-0.26,-0.28,98.6,8.13,101.8,16.26,-609.7,0.001,0,0.001
8/15/2020,10:34:27 AM,Pond A,,0.00000 °,0.00000 °,736.4,416.7,416,0.2,415.9,270,77.2,-2.8,-2.8,0.41,1.88,-0.26,-0.28,98.6,8.13,101.8,16.26,-609.7,0.001,0.001,0.002
8/15/2020,10:34:27 AM,Pond A,,0.00000 °,0.00000 °,736.4,416.7,416,0.2,415.9,270,77.2,-2.8,-2.8,0.4,1.87,-0.27,-0.28,98.6,8.13,101.8,16.26,-609.7,0.001,0,0.001
8/15/2020,10:34:28 AM,Pond A,,0.00000 °,0.00000 °,736.3,416.7,416,0.2,415.9,270,77.2,-2.8,-2.8,0.4,1.87,-0.27,-0.28,98.6,8.13,101.8,16.26,-609.7,0.001,0.001,0.001
8/15/2020,10:34:28 AM,Pond A,,0.00000 °,0.00000 °,736.3,416.7,416,0.2,416,270,77.1,-2.8,-2.8,0.4,1.86,-0.26,-0.28,98.6,8.12,101.8,16.26,-609.7,0.001,0.001,0.002
8/15/2020,10:34:28 AM,Pond A,,0.00000 °,0.00000 °,736.3,416.7,416.1,0.2,416,270,77.1,-2.8,-2.8,0.4,1.87,-0.26,-0.28,98.6,8.12,101.7,16.26,-609.7,0.001,0,-0.001
8/15/2020,10:34:28 AM,Pond A,,0.00000 °,0.00000 °,736.3,416.7,416.1,0.2,416,270,77.1,-2.8,-2.8,0.4,1.86,-0.26,-0.28,98.5,8.12,101.7,16.26,-609.7,0.001,0,0
8/15/2020,10:34:29 AM,Pond A,,0.00000 °,0.00000 °,736.3,416.8,416.1,0.2,416.1,270,77.1,-2.8,-2.8,0.41,1.89,-0.27,-0.28,98.5,8.12,101.7,16.26,-609.7,0.001,0.001,0.002
8/15/2020,10:34:29 AM,Pond A,,0.00000 °,0.00000 °,736.3,416.8,416.1,0.2,416.1,270,77.1,-2.8,-2.8,0.41,1.91,-0.27,-0.28,98.5,8.12,101.6,16.26,-609.7,0.001,0,-0.001
8/15/2020,10:34:29 AM,Pond A,,0.00000 °,0.00000 °,736.3,416.8,416.2,0.2,416.1,271,77.1,-2.8,-2.8,0.42,1.95,-0.26,-0.28,98.4,8.11,101.6,16.26,-609.7,0.001,0,-0.001
8/15/2020,10:34:29 AM,Pond A,,0.00000 °,0.00000 °,736.3,416.8,416.2,0.2,416.1,271,77.1,-2.8,-2.8,0.43,1.97,-0.25,-0.28,98.4,8.11,101.6,16.26,-609.7,0.001,0,0.001
8/15/2020,10:34:30 AM,Pond A,,0.00000 °,0.00000 °,736.4,416.8,416.2,0.2,416.1,271,77.1,-2.8,-2.8,0.45,2.08,-0.26,-0.28,98.4,8.11,101.5,16.26,-609.7,0.001,0,-0.002
8/15/2020,10:34:30 AM,Pond A,,0.00000 °,0.00000 °,736.4,416.8,416.2,0.2,416.2,271,77.1,-2.8,-2.8,0.46,2.1,-0.25,-0.28,98.4,8.11,101.5,16.26,-609.7,0,0,-0.002
8/15/2020,10:34:30 AM,Pond A,,0.00000 °,0.00000 °,736.4,416.8,416.2,0.2,416.2,271,77.1,-2.8,-2.8,0.48,2.17,-0.25,-0.27,98.3,8.11,101.5,16.26,-609.7,0,0,-0.001
8/15/2020,10:34:30 AM,Pond A,,0.00000 °,0.00000 °,736.4,416.8,416.3,0.2,416.2,271,77.1,-2.8,-2.8,0.5,2.24,-0.25,-0.27,98.3,8.1,101.5,16.26,-609.7,0.001,0,0.001
8/15/2020,10:34:31 AM,Pond A,,0.00000 °,0.00000 °,736.4,416.8,416.3,0.2,416.2,271,77.1,-2.8,-2.8,0.54,2.4,-0.24,-0.27,98.3,8.1,101.4,16.26,-609.7,0.001,0,0.001
8/15/2020,10:34:31 AM,Pond A,,0.00000 °,0.00000 °,736.4,416.8,416.3,0.2,416.3,271,77.1,-2.8,-2.8,0.56,2.49,-0.24,-0.27,98.2,8.1,101.4,16.26,-609.7,0.001,0,0.001
8/15/2020,10:34:31 AM,Pond A,,0.00000 °,0.00000 °,736.4,416.8,416.3,0.2,416.3,271,77.1,-2.8,-2.8,0.58,2.58,-0.24,-0.26,98.2,8.1,101.4,16.26,-609.7,0.001,0,0.002
8/15/2020,10:34:31 AM,Pond A,,0.00000 °,0.00000 °,736.4,416.8,416.4,0.2,416.3,271,77.1,-2.8,-2.8,0.6,2.67,-0.23,-0.26,98.2,8.09,101.3,16.26,-609.7,0.001,0,0
8/15/2020,10:34:32 AM,Pond A,,0.00000 °,0.00000 °,736.4,416.8,416.4,0.2,416.3,271,77.1,-2.8,-2.8,0.65,2.84,-0.23,-0.26,98.1,8.09,101.3,16.26,-609.7,0.001,0,0
8/15/2020,10:34:32 AM,Pond A,,0.00000 °,0.00000 °,736.4,416.8,416.4,0.2,416.4,271,77.1,-2.8,-2.8,0.68,2.95,-0.23,-0.26,98.1,8.09,101.3,16.26,-609.7,0.001,0,0
8/15/2020,10:34:32 AM,Pond A,,0.00000 °,0.00000 °,736.4,416.7,416.4,0.2,416.4,271,77.1,-2.8,-2.8,0.7,3.06,-0.22,-0.25,98.1,8.09,101.2,16.26,-609.7,0.001,0,0
8/15/2020,10:34:32 AM,Pond A,,0.00000 °,0.00000 °,736.4,416.7,416.4,0.2,416.4,271,77.1,-2.8,-2.8,0.73,3.18,-0.22,-0.25,98,8.09,101.2,16.26,-609.7,0.001,0,0.001
8/15/2020,10:34:33 AM,Pond A,,0.00000 °,0.00000 °,736.4,416.7,416.4,0.2,416.4,271,77.1,-2.8,-2.8,0.79,3.41,-0.22,-0.25,98,8.08,101.1,16.26,-609.7,0.001,0,0.001
8/15/2020,10:34:33 AM,Pond A,,0.00000 °,0.00000 °,736.4,416.6,416.4,0.2,416.4,271,77.1,-2.8,-2.8,0.82,3.53,-0.22,-0.25,98,8.08,101.1,16.26,-609.7,0.001,0,0.002
8/15/2020,10:34:33 AM,Pond A,,0.00000 °,0.00000 °,736.4,416.6,416.4,0.2,416.4,271,77,-2.8,-2.8,0.85,3.65,-0.22,-0.25,97.9,8.08,101.1,16.26,-609.7,0.001,0.001,0.005
8/15/2020,10:34:33 AM,Pond A,,0.00000 °,0.00000 °,736.4,416.5,416.4,0.2,416.4,271,77,-2.8,-2.8,2.12,8.65,-0.21,-0.25,97.9,8.08,101,16.26,-609.7,0.001,0.001,0.017
8/15/2020,10:34:34 AM,Pond A,,0.00000 °,0.00000 °,736.3,416.5,416.4,0.2,416.4,271,77,-2.8,-2.8,1.93,7.92,-0.21,-0.25,97.8,8.07,101,16.26,-609.7,0.002,0.001,0.026
8/15/2020,10:34:34 AM,Pond A,,0.00000 °,0.00000 °,736.3,416.4,416.4,0.2,416.4,271,77,-2.8,-2.8,1.63,6.73,-0.2,-0.24,97.8,8.07,101,16.26,-609.7,0.002,0.001,0.032
8/15/2020,10:34:34 AM,Pond A,,0.00000 °,0.00000 °,736.3,416.3,416.4,0.2,416.4,271,77,-2.8,-2.8,2.24,9.12,-0.2,-0.24,97.8,8.07,100.9,16.26,-609.7,0.003,0.002,0.04
8/15/2020,10:34:34 AM,Pond A,,0.00000 °,0.00000 °,736.3,416.3,416.4,0.2,416.4,271,77,-2.8,-2.8,2.95,11.93,-0.19,-0.23,97.7,8.07,100.9,16.26,-609.7,0.005,0.003,0.061
8/15/2020,10:34:35 AM,Pond A,,0.00000 °,0.00000 °,736.3,416.2,416.3,0.2,416.4,271,77,-2.8,-2.8,2.82,11.41,-0.18,-0.23,97.7,8.06,100.8,16.26,-609.7,0.006,0.004,0.069
8/15/2020,10:34:35 AM,Pond A,,0.00000 °,0.00000 °,736.3,416.1,416.3,0.2,416.3,271,76.9,-2.8,-2.8,2.08,8.5,-0.18,-0.23,97.6,8.06,100.8,16.26,-609.7,0.008,0.006,0.092
8/15/2020,10:34:35 AM,Pond A,,0.00000 °,0.00000 °,736.3,416,416.3,0.2,416.3,271,76.9,-2.8,-2.8,2.15,8.77,-0.18,-0.23,97.6,8.06,100.8,16.26,-609.7,0.01,0.007,0.1
8/15/2020,10:34:35 AM,Pond A,,0.00000 °,0.00000 °,736.3,415.9,416.3,0.2,416.3,271,76.9,-2.8,-2.8,2.8,11.35,-0.16,-0.22,97.6,8.06,100.7,16.26,-609.7,0.012,0.008,0.105
8/15/2020,10:34:36 AM,Pond A,,0.00000 °,0.00000 °,736.3,415.9,416.3,0.2,416.3,271,76.9,-2.8,-2.8,2.03,8.29,-0.16,-0.21,97.5,8.06,100.7,16.26,-609.7,0.014,0.01,0.11
8/15/2020,10:34:36 AM,Pond A,,0.00000 °,0.00000 °,736.3,415.8,416.2,0.2,416.3,271,76.9,-2.8,-2.8,2.89,11.69,-0.15,-0.21,97.5,8.05,100.6,16.26,-609.7,0.017,0.012,0.141
8/15/2020,10:34:36 AM,Pond A,,0.00000 °,0.00000 °,736.3,415.7,416.2,0.2,416.3,271,76.9,-2.8,-2.8,3.83,15.41,-0.14,-0.2,97.4,8.05,100.5,16.26,-609.7,0.019,0.013,0.163
8/15/2020,10:34:36 AM,Pond A,,0.00000 °,0.00000 °,736.3,415.6,416.2,0.2,416.3,271,76.9,-2.8,-2.8,3.39,13.66,-0.13,-0.2,97.4,8.05,100.5,16.26,-609.7,0.022,0.015,0.18
8/15/2020,10:34:37 AM,Pond A,,0.00000 °,0.00000 °,736.3,415.4,416.2,0.2,416.2,271,76.8,-2.8,-2.8,3.39,13.66,-0.12,-0.19,97.3,8.04,100.4,16.27,-609.7,0.028,0.019,0.217
8/15/2020,10:34:37 AM,Pond A,,0.00000 °,0.00000 °,736.3,415.3,416.1,0.2,416.2,270,76.8,-2.8,-2.8,3.39,13.66,-0.12,-0.19,97.2,8.04,100.4,16.27,-609.7,0.031,0.022,0.241
8/15/2020,10:34:37 AM,Pond A,,0.00000 °,0.00000 °,736.3,415.2,416.1,0.2,416.2,270,76.8,-2.8,-2.8,3.39,13.66,-0.11,-0.18,97.2,8.04,100.4,16.27,-609.7,0.034,0.024,0.259
8/15/2020,10:34:37 AM,Pond A,,0.00000 °,0.00000 °,736.3,415.1,416,0.2,416.1,270,76.8,-2.8,-2.8,3.4,13.72,-0.09,-0.17,97.2,8.04,100.3,16.27,-609.7,0.042,0.03,0.29
8/15/2020,10:34:38 AM,Pond A,,0.00000 °,0.00000 °,736.4,414.9,416,0.2,416.1,270,76.7,-2.8,-2.8,3.46,13.93,-0.08,-0.16,97.1,8.03,100.2,16.27,-609.7,0.046,0.032,0.301
8/15/2020,10:34:38 AM,Pond A,,0.00000 °,0.00000 °,736.4,414.8,416,0.2,416.1,270,76.7,-2.8,-2.8,3.49,14.07,-0.07,-0.16,97,8.03,100.2,16.27,-609.7,0.05,0.035,0.307
8/15/2020,10:34:38 AM,Pond A,,0.00000 °,0.00000 °,736.4,414.7,415.9,0.2,416.1,270,76.7,-2.8,-2.8,3.53,14.23,-0.06,-0.15,97,8.03,100.1,16.27,-609.7,0.054,0.038,0.319
8/15/2020,10:34:38 AM,Pond A,,0.00000 °,0.00000 °,736.4,414.5,415.9,0.2,416,270,76.7,-2.8,-2.8,3.57,14.37,-0.04,-0.14,96.9,8.02,100,16.27,-609.7,0.062,0.044,0.358
8/15/2020,10:34:39 AM,Pond A,,0.00000 °,0.00000 °,736.3,414.4,415.9,0.2,416,270,76.7,-2.8,-2.8,3.61,14.52,-0.03,-0.13,96.9,8.02,100,16.27,-609.7,0.066,0.047,0.372
8/15/2020,10:34:39 AM,Pond A,,0.00000 °,0.00000 °,736.3,414.2,415.8,0.2,416,270,76.6,-2.7,-2.7,3.64,14.66,-0.03,-0.13,96.8,8.02,99.9,16.27,-609.7,0.071,0.05,0.386
8/15/2020,10:34:39 AM,Pond A,,0.00000 °,0.00000 °,736.3,414.1,415.8,0.2,416,270,76.6,-2.7,-2.7,3.67,14.78,-0.02,-0.12,96.8,8.02,99.9,16.27,-609.7,0.08,0.057,0.41
8/15/2020,10:34:39 AM,Pond A,,0.00000 °,0.00000 °,736.3,413.9,415.8,0.2,415.9,270,76.6,-2.7,-2.7,3.7,14.91,0,-0.11,96.7,8.01,99.8,16.27,-609.7,0.085,0.06,0.426
8/15/2020,10:34:40 AM,Pond A,,0.00000 °,0.00000 °,736.3,413.8,415.7,0.2,415.9,270,76.6,-2.7,-2.7,3.74,15.04,0,-0.11,96.6,8.01,99.8,16.27,-609.7,0.09,0.063,0.439
8/15/2020,10:34:40 AM,Pond A,,0.00000 °,0.00000 °,736.3,413.7,415.7,0.2,415.9,270,76.5,-2.7,-2.7,3.74,15.04,0.01,-0.1,96.6,8.01,99.7,16.27,-609.7,0.1,0.07,0.458
8/15/2020,10:34:40 AM,Pond A,,0.00000 °,0.00000 °,736.3,413.6,415.7,0.2,415.9,270,76.5,-2.7,-2.7,3.75,15.1,0.02,-0.1,96.5,8,99.6,16.27,-609.7,0.105,0.074,0.47
8/15/2020,10:34:40 AM,Pond A,,0.00000 °,0.00000 °,736.3,413.4,415.6,0.2,415.9,270,76.5,-2.7,-2.7,3.76,15.14,0.02,-0.1,96.5,8,99.6,16.27,-609.7,0.11,0.077,0.479
8/15/2020,10:34:41 AM,Pond A,,0.00000 °,0.00000 °,736.2,413.3,415.6,0.2,415.8,270,76.5,-2.7,-2.7,3.78,15.22,0.04,-0.09,96.4,8,99.5,16.27,-609.7,0.12,0.085,0.508
8/15/2020,10:34:41 AM,Pond A,,0.00000 °,0.00000 °,736.2,413.1,415.6,0.2,415.8,270,76.4,-2.7,-2.7,4.06,16.31,0.04,-0.08,96.4,8,99.5,16.27,-609.7,0.125,0.088,0.52
8/15/2020,10:34:41 AM,Pond A,,0.00000 °,0.00000 °,736.2,413,415.5,0.2,415.8,270,76.4,-2.7,-2.7,3.66,14.72,0.05,-0.08,96.3,7.99,99.4,16.27,-609.7,0.131,0.092,0.529
8/15/2020,10:34:41 AM,Pond A,,0.00000 °,0.00000 °,736.2,412.8,415.5,0.2,415.8,270,76.4,-2.7,-2.7,3.6,14.49,0.05,-0.08,96.2,7.99,99.3,16.27,-609.7,0.136,0.096,0.538
8/15/2020,10:34:42 AM,Pond A,,0.00000 °,0.00000 °,736.3,412.7,415.5,0.2,415.8,270,76.4,-2.7,-2.7,3.6,14.52,0.07,-0.07,96.2,7.99,99.3,16.27,-609.7,0.146,0.103,0.558
8/15/2020,10:34:42 AM,Pond A,,0.00000 °,0.00000 °,736.3,412.6,415.5,0.2,415.8,270,76.3,-2.7,-2.7,4.66,18.69,0.07,-0.06,96.1,7.98,99.2,16.27,-609.7,0.152,0.107,0.568
8/15/2020,10:34:42 AM,Pond A,,0.00000 °,0.00000 °,736.3,412.5,415.5,0.2,415.8,270,76.3,-2.7,-2.7,4.29,17.24,0.08,-0.06,96.1,7.98,99.2,16.27,-609.7,0.157,0.111,0.582
8/15/2020,10:34:42 AM,Pond A,,0.00000 °,0.00000 °,736.3,412.3,415.4,0.2,415.8,270,76.3,-2.7,-2.7,4.24,17.04,0.09,-0.05,96,7.98,99.1,16.27,-609.7,0.168,0.119,0.603
8/15/2020,10:34:43 AM,Pond A,,0.00000 °,0.00000 °,736.4,412.2,415.4,0.2,415.8,270,76.3,-2.7,-2.7,3.24,13.08,0.11,-0.04,95.9,7.98,99,16.27,-609.7,0.174,0.122,0.611
8/15/2020,10:34:43 AM,Pond A,,0.00000 °,0.00000 °,736.4,412.1,415.4,0.2,415.8,270,76.2,-2.7,-2.7,3.53,14.24,0.11,-0.04,95.9,7.98,99,16.28,-609.7,0.179,0.126,0.621
8/15/2020,10:34:43 AM,Pond A,,0.00000 °,0.00000 °,736.4,412,415.4,0.2,415.8,270,76.2,-2.7,-2.7,4.09,16.44,0.12,-0.04,95.9,7.97,98.9,16.28,-609.7,0.19,0.134,0.641
8/15/2020,10:34:43 AM,Pond A,,0.00000 °,0.00000 °,736.4,411.9,415.4,0.2,415.8,270,76.2,-2.7,-2.7,3.66,14.74,0.12,-0.03,95.8,7.97,98.9,16.28,-609.7,0.196,0.138,0.652
8/15/2020,10:34:44 AM,Pond A,,0.00000 °,0.00000 °,736.3,411.7,415.4,0.2,415.8,270,76.2,-2.7,-2.7,4.1,16.49,0.13,-0.03,95.7,7.97,98.8,16.28,-609.7,0.201,0.142,0.658
8/15/2020,10:34:44 AM,Pond A,,0.00000 °,0.00000 °,736.3,411.7,415.4,0.2,415.8,270,76.1,-2.7,-2.7,4.44,17.82,0.14,-0.02,95.7,7.96,98.8,16.28,-609.7,0.207,0.146,0.667
8/15/2020,10:34:44 AM,Pond A,,0.00000 °,0.00000 °,736.3,411.6,415.5,0.2,415.8,270,76.1,-2.7,-2.7,4.44,17.82,0.15,-0.01,95.6,7.96,98.7,16.28,-609.7,0.218,0.154,0.689
8/15/2020,10:34:44 AM,Pond A,,0.00000 °,0.00000 °,736.3,411.5,415.5,0.2,415.9,270,76.1,-2.7,-2.7,4.44,17.82,0.16,-0.01,95.6,7.96,98.6,16.28,-609.7,0.224,0.158,0.7
8/15/2020,10:34:45 AM,Pond A,,0.00000 °,0.00000 °,736.3,411.4,415.5,0.2,415.9,270,76.1,-2.7,-2.7,4.44,17.82,0.18,0,95.5,7.96,98.6,16.28,-609.7,0.23,0.162,0.711
8/15/2020,10:34:45 AM,Pond A,,0.00000 °,0.00000 °,736.3,411.3,415.6,0.2,416,270,76,-2.7,-2.7,4.44,17.82,0.19,0.01,95.5,7.96,98.6,16.28,-609.7,0.241,0.17,0.733
8/15/2020,10:34:45 AM,Pond A,,0.00000 °,0.00000 °,736.3,411.3,415.6,0.2,416.1,270,76,-2.7,-2.7,4.42,17.74,0.19,0.01,95.4,7.95,98.5,16.28,-609.7,0.247,0.174,0.747
8/15/2020,10:34:45 AM,Pond A,,0.00000 °,0.00000 °,736.3,411.3,415.7,0.2,416.2,270,76,-2.7,-2.7,4.35,17.45,0.2,0.02,95.4,7.95,98.4,16.28,-609.7,0.253,0.178,0.758
8/15/2020,10:34:46 AM,Pond A,,0.00000 °,0.00000 °,736.3,411.2,415.8,0.2,416.3,270,76,-2.7,-2.7,4.28,17.19,0.22,0.03,95.3,7.95,98.4,16.28,-609.7,0.265,0.187,0.782
8/15/2020,10:34:46 AM,Pond A,,0.00000 °,0.00000 °,736.3,411.2,415.9,0.2,416.3,270,75.9,-2.7,-2.6,4.18,16.78,0.22,0.03,95.2,7.94,98.3,16.28,-609.7,0.271,0.191,0.793
8/15/2020,10:34:46 AM,Pond A,,0.00000 °,0.00000 °,736.3,411.2,416,0.2,416.5,270,75.9,-2.6,-2.6,4.18,16.78,0.23,0.04,95.1,7.94,98.2,16.28,-609.7,0.277,0.195,0.799
8/15/2020,10:34:46 AM,Pond A,,0.00000 °,0.00000 °,736.3,411.2,416.1,0.2,416.6,270,75.9,-2.6,-2.6,4.18,16.78,0.24,0.05,95.1,7.93,98.1,16.28,-609.7,0.288,0.203,0.818
8/15/2020,10:34:47 AM,Pond A,,0.00000 °,0.00000 °,736.4,411.2,416.2,0.2,416.7,271,75.9,-2.6,-2.6,4.15,16.68,0.26,0.06,95,7.93,98.1,16.28,-609.7,0.294,0.208,0.829
8/15/2020,10:34:47 AM,Pond A,,0.00000 °,0.00000 °,736.4,411.2,416.3,0.2,416.8,271,75.8,-2.6,-2.6,4.1,16.49,0.27,0.07,95,7.93,98,16.28,-609.7,0.3,0.212,0.84
8/15/2020,10:34:47 AM,Pond A,,0.00000 °,0.00000 °,736.4,411.3,416.5,0.2,417,271,75.8,-2.6,-2.6,4.1,16.49,0.28,0.07,94.9,7.93,97.9,16.28,-609.7,0.306,0.216,0.85
8/15/2020,10:34:47 AM,Pond A,,0.00000 °,0.00000 °,736.4,411.3,416.6,0.2,417.2,271,75.8,-2.6,-2.6,4.12,16.54,0.29,0.08,94.8,7.92,97.9,16.28,-609.7,0.318,0.225,0.867
8/15/2020,10:34:48 AM,Pond A,,0.00000 °,0.00000 °,736.3,411.3,416.8,0.2,417.3,271,75.8,-2.6,-2.6,4.12,16.54,0.31,0.09,94.7,7.92,97.8,16.28,-609.7,0.325,0.229,0.874
8/15/2020,10:34:48 AM,Pond A,,0.00000 °,0.00000 °,736.3,411.3,416.9,0.2,417.5,271,75.7,-2.6,-2.6,4.09,16.45,0.31,0.09,94.7,7.91,97.7,16.28,-609.7,0.33,0.233,0.883
8/15/2020,10:34:48 AM,Pond A,,0.00000 °,0.00000 °,736.3,411.4,417,0.2,417.5,271,75.7,-2.6,-2.6,4.11,16.52,0.32,0.09,94.6,7.91,97.6,16.28,-609.7,0.342,0.241,0.895
8/15/2020,10:34:48 AM,Pond A,,0.00000 °,0.00000 °,736.3,411.4,417.1,0.2,417.7,271,75.7,-2.6,-2.6,4.09,16.45,0.32,0.1,94.5,7.91,97.6,16.28,-609.7,0.348,0.246,0.904
8/15/2020,10:34:49 AM,Pond A,,0.00000 °,0.00000 °,736.3,411.4,417.3,0.2,417.9,271,75.7,-2.6,-2.6,4.09,16.45,0.34,0.11,94.5,7.9,97.5,16.28,-609.7,0.354,0.25,0.911
8/15/2020,10:34:49 AM,Pond A,,0.00000 °,0.00000 °,736.3,411.5,417.4,0.2,418,271,75.7,-2.6,-2.6,4.14,16.61,0.35,0.11,94.4,7.9,97.5,16.29,-609.7,0.366,0.258,0.927
8/15/2020,10:34:49 AM,Pond A,,0.00000 °,0.00000 °,736.3,411.5,417.6,0.2,418.2,271,75.6,-2.6,-2.6,4.14,16.62,0.35,0.12,94.4,7.9,97.4,16.29,-609.7,0.372,0.262,0.937
8/15/2020,10:34:49 AM,Pond A,,0.00000 °,0.00000 °,736.3,411.6,417.8,0.2,418.4,272,75.6,-2.6,-2.6,4.15,16.67,0.36,0.12,94.3,7.89,97.3,16.29,-609.7,0.378,0.266,0.945
8/15/2020,10:34:50 AM,Pond A,,0.00000 °,0.00000 °,736.2,411.7,418,0.2,418.6,272,75.6,-2.6,-2.6,4.13,16.6,0.38,0.13,94.2,7.89,97.3,16.29,-609.7,1.402,0.988,0.965
8/15/2020,10:34:50 AM,Pond A,,0.00000 °,0.00000 °,736.2,411.8,418.2,0.2,418.8,272,75.6,-2.6,-2.6,3.9,15.68,0.38,0.14,94.2,7.88,97.2,16.29,-609.7,1.423,1.003,0.976
8/15/2020,10:34:50 AM,Pond A,,0.00000 °,0.00000 °,736.2,411.9,418.3,0.2,419,272,75.5,-2.6,-2.6,3.48,14.02,0.39,0.14,94.1,7.88,97.1,16.29,-609.7,1.442,1.017,0.987
8/15/2020,10:34:50 AM,Pond A,,0.00000 °,0.00000 °,736.2,412,418.5,0.2,419.2,272,75.5,-2.6,-2.6,3.92,15.75,0.4,0.15,90.7,7.6,93.7,16.29,-609.7,1.479,1.042,1.002
8/15/2020,10:34:51 AM,Pond A,,0.00000 °,0.00000 °,736.4,412.1,418.8,0.2,419.5,272,75.5,-2.6,-2.6,3.33,13.43,0.42,0.16,90.6,7.59,93.5,16.29,-609.7,1.478,1.042,1.021
8/15/2020,10:34:51 AM,Pond A,,0.00000 °,0.00000 °,736.4,412.3,419.1,0.2,419.8,272,75.5,-2.6,-2.6,3.61,14.53,0.42,0.16,90.3,7.57,93.2,16.29,-609.7,1.49,1.05,1.029
8/15/2020,10:34:51 AM,Pond A,,0.00000 °,0.00000 °,736.4,412.4,419.3,0.2,420,273,75.5,-2.6,-2.6,3.73,15.01,0.43,0.17,90.3,7.57,93.2,16.29,-609.7,1.493,1.053,1.035
8/15/2020,10:34:51 AM,Pond A,,0.00000 °,0.00000 °,736.4,412.6,419.6,0.2,420.3,273,75.4,-2.6,-2.6,4.49,18.02,0.44,0.17,90.1,7.56,93,16.29,-609.7,1.521,1.072,1.05
8/15/2020,10:34:52 AM,Pond A,,0.00000 °,0.00000 °,736.4,412.8,419.9,0.2,420.6,273,75.4,-2.6,-2.6,3.44,13.87,0.45,0.18,90.1,7.56,93,16.29,-609.7,1.531,1.079,1.058
8/15/2020,10:34:52 AM,Pond A,,0.00000 °,0.00000 °,736.4,413,420.2,0.2,421,273,75.4,-2.6,-2.6,3.25,13.1,0.46,0.19,89.9,7.54,92.8,16.29,-609.7,1.531,1.079,1.064
8/15/2020,10:34:52 AM,Pond A,,0.00000 °,0.00000 °,736.4,413,420.4,0.2,421.1,273,75.3,-2.6,-2.6,3.18,12.85,0.47,0.19,90,7.55,92.9,16.29,-609.7,1.556,1.097,1.079
8/15/2020,10:34:52 AM,Pond A,,0.00000 °,0.00000 °,736.4,413.2,420.7,0.2,421.4,273,75.3,-2.6,-2.6,4.61,18.49,0.48,0.2,89.9,7.54,92.8,16.29,-609.7,1.579,1.113,1.089
8/15/2020,10:34:53 AM,Pond A,,0.00000 °,0.00000 °,736.3,413.4,421,0.2,421.8,274,75.3,-2.6,-2.6,4.35,17.45,0.5,0.21,90,7.55,92.9,16.29,-609.7,1.571,1.107,1.094
8/15/2020,10:34:53 AM,Pond A,,0.00000 °,0.00000 °,736.3,413.6,421.4,0.2,422.2,274,75.3,-2.6,-2.5,3.1,12.51,0.51,0.22,89.9,7.55,92.8,16.29,-609.7,1.571,1.107,1.11
8/15/2020,10:34:53 AM,Pond A,,0.00000 °,0.00000 °,736.3,413.8,421.7,0.2,422.5,274,75.2,-2.6,-2.5,3.1,12.51,0.52,0.22,90,7.56,92.9,16.29,-609.7,1.575,1.111,1.119
8/15/2020,10:34:53 AM,Pond A,,0.00000 °,0.00000 °,736.3,414,422.1,0.2,422.9,274,75.2,-2.5,-2.5,3.1,12.51,0.53,0.23,90.1,7.57,93,16.29,-609.7,1.583,1.116,1.127
8/15/2020,10:34:54 AM,Pond A,,0.00000 °,0.00000 °,736.3,414.3,422.5,0.2,423.3,275,75.2,-2.5,-2.5,3.1,12.51,0.54,0.24,90,7.57,92.9,16.29,-609.7,1.591,1.121,1.138
8/15/2020,10:34:54 AM,Pond A,,0.00000 °,0.00000 °,736.3,414.6,422.9,0.2,423.8,275,75.1,-2.5,-2.5,3.12,12.61,0.55,0.25,90,7.57,92.9,16.29,-609.7,1.609,1.134,1.158
8/15/2020,10:34:54 AM,Pond A,,0.00000 °,0.00000 °,736.3,414.7,423.2,0.2,424,275,75.1,-2.5,-2.5,3.16,12.76,0.56,0.25,89.9,7.56,92.8,16.29,-609.7,1.618,1.141,1.164
8/15/2020,10:34:54 AM,Pond A,,0.00000 °,0.00000 °,736.3,415,423.6,0.2,424.5,275,75.1,-2.5,-2.5,3.19,12.89,0.57,0.26,89.8,7.55,92.7,16.3,-609.7,1.626,1.146,1.172
8/15/2020,10:34:55 AM,Pond A,,0.00000 °,0.00000 °,736.3,415.2,424,0.2,424.9,276,75,-2.5,-2.5,3.23,13.06,0.6,0.27,89.7,7.55,92.6,16.3,-609.7,1.643,1.158,1.185
8/15/2020,10:34:55 AM,Pond A,,0.00000 °,0.00000 °,736.3,415.5,424.5,0.2,425.4,276,75,-2.5,-2.5,3.29,13.27,0.61,0.28,89.6,7.54,92.5,16.3,-609.7,1.65,1.163,1.192
8/15/2020,10:34:55 AM,Pond A,,0.00000 °,0.00000 °,736.3,415.8,424.9,0.2,425.9,276,75,-2.5,-2.5,3.82,15.38,0.62,0.29,89.4,7.53,92.3,16.3,-609.7,1.656,1.167,1.199
8/15/2020,10:34:55 AM,Pond A,,0.00000 °,0.00000 °,736.3,416,425.4,0.2,426.3,276,74.9,-2.5,-2.5,4.35,17.45,0.63,0.3,89.3,7.53,92.2,16.3,-609.7,1.669,1.177,1.211
8/15/2020,10:34:56 AM,Pond A,,0.00000 °,0.00000 °,736.3,416.3,425.8,0.2,426.8,277,74.9,-2.5,-2.5,4.18,16.8,0.64,0.3,89.2,7.52,92.1,16.3,-609.7,1.675,1.181,1.218
8/15/2020,10:34:56 AM,Pond A,,0.00000 °,0.00000 °,736.3,416.6,426.3,0.2,427.3,277,74.8,-2.5,-2.5,3.83,15.42,0.65,0.31,89.1,7.51,92,16.3,-609.7,1.68,1.184,1.221
8/15/2020,10:34:56 AM,Pond A,,0.00000 °,0.00000 °,736.3,416.7,426.6,0.2,427.6,277,74.8,-2.5,-2.5,4.95,19.82,0.66,0.31,89,7.51,91.9,16.3,-609.7,1.69,1.191,1.23
8/15/2020,10:37:10 AM,Pond B,,0.00000 °,0.00000 °,736.3,389.2,391.3,0.19,391.5,254,76.5,-2.7,-2.7,0.59,2.63,-0.25,-0.28,93.5,7.76,96.5,16.27,-609.7,0.002,0.001,0.003
8/15/2020,10:37:10 AM,Pond B,,0.00000 °,0.00000 °,736.3,389.2,391.3,0.19,391.5,254,76.5,-2.7,-2.7,0.61,2.68,-0.26,-0.28,93.5,7.76,96.5,16.27,-609.7,0.002,0.002,0.003
8/15/2020,10:37:10 AM,Pond B,,0.00000 °,0.00000 °,736.3,389.2,391.3,0.19,391.5,254,76.5,-2.7,-2.7,0.61,2.69,-0.26,-0.28,93.4,7.75,96.5,16.27,-609.7,0.002,0.001,0
8/15/2020,10:37:10 AM,Pond B,,0.00000 °,0.00000 °,736.3,389.2,391.3,0.19,391.5,254,76.5,-2.7,-2.7,0.61,2.68,-0.26,-0.28,93.4,7.75,96.4,16.27,-609.7,0.002,0.001,0.001
8/15/2020,10:37:11 AM,Pond B,,0.00000 °,0.00000 °,736.3,389.2,391.3,0.19,391.5,254,76.5,-2.7,-2.7,0.61,2.69,-0.26,-0.28,93.4,7.75,96.4,16.27,-609.7,0.002,0.001,0.001
8/15/2020,10:37:11 AM,Pond B,,0.00000 °,0.00000 °,736.3,389.2,391.3,0.19,391.5,254,76.5,-2.7,-2.7,0.61,2.7,-0.26,-0.28,93.4,7.75,96.4,16.27,-609.7,0.002,0.001,0
8/15/2020,10:37:11 AM,Pond B,,0.00000 °,0.00000 °,736.3,389.2,391.3,0.19,391.6,254,76.5,-2.7,-2.7,0.62,2.71,-0.26,-0.28,93.4,7.75,96.4,16.27,-609.7,0.002,0.001,0
8/15/2020,10:37:11 AM,Pond B,,0.00000 °,0.00000 °,736.3,389.2,391.3,0.19,391.6,254,76.5,-2.7,-2.7,0.62,2.73,-0.26,-0.28,93.4,7.75,96.4,16.27,-609.7,0.002,0.001,0.001
8/15/2020,10:37:12 AM,Pond B,,0.00000 °,0.00000 °,736.3,389.2,391.3,0.19,391.5,254,76.5,-2.7,-2.7,0.63,2.76,-0.26,-0.28,93.4,7.75,96.4,16.27,-609.7,0.002,0.001,0.001
8/15/2020,10:37:12 AM,Pond B,,0.00000 °,0.00000 °,736.3,389.1,391.3,0.19,391.5,254,76.5,-2.7,-2.7,0.63,2.79,-0.26,-0.28,93.4,7.75,96.4,16.27,-609.7,0.001,0.001,0
8/15/2020,10:37:12 AM,Pond B,,0.00000 °,0.00000 °,736.3,389.1,391.3,0.19,391.5,254,76.5,-2.7,-2.7,0.64,2.81,-0.25,-0.27,93.4,7.75,96.4,16.27,-609.7,0.001,0.001,0
8/15/2020,10:37:12 AM,Pond B,,0.00000 °,0.00000 °,736.3,389.1,391.2,0.19,391.5,254,76.5,-2.7,-2.7,0.64,2.81,-0.25,-0.27,93.4,7.75,96.4,16.27,-609.7,0.001,0.001,0.001
8/15/2020,10:37:13 AM,Pond B,,0.00000 °,0.00000 °,736.3,389.1,391.2,0.19,391.4,254,76.5,-2.7,-2.7,0.64,2.8,-0.26,-0.28,93.3,7.75,96.3,16.27,-609.7,0.001,0.001,-0.001
8/15/2020,10:37:13 AM,Pond B,,0.00000 °,0.00000 °,736.3,389,391.2,0.19,391.4,254,76.5,-2.7,-2.7,0.64,2.82,-0.25,-0.28,93.3,7.75,96.3,16.27,-609.7,0.001,0.001,0
8/15/2020,10:37:13 AM,Pond B,,0.00000 °,0.00000 °,736.2,389,391.1,0.19,391.3,254,76.5,-2.7,-2.7,0.64,2.83,-0.26,-0.28,93.3,7.75,96.3,16.27,-609.7,0.001,0.001,0.002
8/15/2020,10:37:13 AM,Pond B,,0.00000 °,0.00000 °,736.2,389,391.1,0.19,391.3,254,76.5,-2.7,-2.7,0.65,2.85,-0.26,-0.28,93.3,7.74,96.3,16.27,-609.7,0.001,0.001,0.001
8/15/2020,10:37:14 AM,Pond B,,0.00000 °,0.00000 °,736.2,388.9,391,0.19,391.2,254,76.5,-2.7,-2.7,0.65,2.85,-0.26,-0.28,93.3,7.74,96.3,16.27,-609.7,0.001,0.001,0.001
8/15/2020,10:37:14 AM,Pond B,,0.00000 °,0.00000 °,736.2,388.9,391,0.19,391.2,254,76.5,-2.7,-2.7,0.65,2.85,-0.26,-0.28,93.3,7.74,96.3,16.27,-609.7,0.001,0.001,0.001
8/15/2020,10:37:14 AM,Pond B,,0.00000 °,0.00000 °,736.3,388.8,390.9,0.19,391.1,254,76.5,-2.7,-2.7,0.65,2.86,-0.26,-0.28,93.3,7.74,96.3,16.27,-609.7,0.001,0.001,-0.001
8/15/2020,10:37:14 AM,Pond B,,0.00000 °,0.00000 °,736.3,388.8,390.8,0.19,391,254,76.5,-2.7,-2.7,0.66,2.88,-0.26,-0.28,93.3,7.74,96.3,16.27,-609.7,0.001,0.001,0
8/15/2020,10:37:15 AM,Pond B,,0.00000 °,0.00000 °,736.3,388.7,390.7,0.19,390.9,254,76.5,-2.7,-2.7,0.66,2.89,-0.26,-0.28,93.3,7.74,96.3,16.27,-609.7,0.001,0.001,0.001
8/15/2020,10:37:15 AM,Pond B,,0.00000 °,0.00000 °,736.3,388.7,390.7,0.19,390.9,254,76.5,-2.7,-2.7,0.67,2.92,-0.25,-0.27,93.3,7.74,96.3,16.27,-609.7,0.001,0.001,0.002
8/15/2020,10:37:15 AM,Pond B,,0.00000 °,0.00000 °,736.3,388.6,390.6,0.19,390.8,254,76.5,-2.7,-2.7,0.67,2.92,-0.25,-0.27,93.2,7.74,96.3,16.27,-609.7,0.001,0.001,0.002
8/15/2020,10:37:15 AM,Pond B,,0.00000 °,0.00000 °,736.3,388.5,390.5,0.19,390.7,254,76.5,-2.7,-2.7,0.67,2.92,-0.25,-0.27,93.2,7.74,96.2,16.27,-609.7,0.001,0.001,0.002
8/15/2020,10:37:16 AM,Pond B,,0.00000 °,0.00000 °,736.3,388.5,390.4,0.19,390.6,254,76.5,-2.7,-2.7,0.68,2.97,-0.25,-0.27,93.2,7.73,96.2,16.27,-609.7,0.002,0.001,0.004
8/15/2020,10:37:16 AM,Pond B,,0.00000 °,0.00000 °,736.3,388.4,390.4,0.19,390.6,254,76.5,-2.7,-2.7,0.68,2.98,-0.25,-0.27,93.2,7.73,96.2,16.27,-609.7,0.001,0.001,0.001
8/15/2020,10:37:16 AM,Pond B,,0.00000 °,0.00000 °,736.4,388.3,390.3,0.19,390.5,254,76.5,-2.7,-2.7,0.68,2.98,-0.25,-0.27,93.2,7.73,96.2,16.27,-609.7,0.002,0.001,0.002
8/15/2020,10:37:16 AM,Pond B,,0.00000 °,0.00000 °,736.4,388.2,390.2,0.19,390.4,254,76.5,-2.7,-2.7,0.69,3,-0.25,-0.27,93.2,7.73,96.2,16.27,-609.7,0.002,0.001,0.003
8/15/2020,10:37:17 AM,Pond B,,0.00000 °,0.00000 °,736.4,388.2,390.1,0.19,390.3,254,76.5,-2.7,-2.7,0.69,3.01,-0.25,-0.27,93.1,7.73,96.1,16.27,-609.7,0.001,0.001,0
8/15/2020,10:37:17 AM,Pond B,,0.00000 °,0.00000 °,736.4,388.1,390,0.19,390.2,254,76.5,-2.7,-2.7,0.69,3,-0.25,-0.27,93.1,7.72,96.1,16.27,-609.7,0.001,0.001,0.001
8/15/2020,10:37:17 AM,Pond B,,0.00000 °,0.00000 °,736.3,388,389.9,0.19,390.1,253,76.5,-2.7,-2.7,0.68,2.98,-0.25,-0.27,93.1,7.72,96.1,16.27,-609.7,0.002,0.001,0.002
8/15/2020,10:37:17 AM,Pond B,,0.00000 °,0.00000 °,736.3,388,389.9,0.19,390.1,253,76.5,-2.7,-2.7,0.69,2.99,-0.24,-0.27,93.1,7.72,96.1,16.27,-609.7,0.001,0.001,0.001
8/15/2020,10:37:18 AM,Pond B,,0.00000 °,0.00000 °,736.3,387.9,389.8,0.19,390,253,76.5,-2.7,-2.7,0.69,3,-0.24,-0.27,93,7.72,96,16.27,-609.7,0.001,0.001,0.001
8/15/2020,10:37:18 AM,Pond B,,0.00000 °,0.00000 °,736.3,387.8,389.7,0.19,389.8,253,76.5,-2.7,-2.7,0.69,2.99,-0.24,-0.27,93,7.72,96,16.27,-609.7,0.001,0.001,0.001
8/15/2020,10:37:18 AM,Pond B,,0.00000 °,0.00000 °,736.3,387.7,389.5,0.19,389.7,253,76.5,-2.7,-2.7,0.69,2.99,-0.24,-0.27,93,7.71,96,16.27,-609.7,0.002,0.001,0.002
8/15/2020,10:37:18 AM,Pond B,,0.00000 °,0.00000 °,736.3,387.5,389.4,0.19,389.6,253,76.5,-2.7,-2.7,0.68,2.99,-0.24,-0.27,93,7.71,96,16.27,-609.7,0.002,0.001,0.002
8/15/2020,10:37:19 AM,Pond B,,0.00000 °,0.00000 °,736.3,387.4,389.3,0.19,389.5,253,76.5,-2.7,-2.7,0.69,2.99,-0.24,-0.27,92.9,7.71,95.9,16.27,-609.7,0.002,0.001,0.002
8/15/2020,10:37:19 AM,Pond B,,0.00000 °,0.00000 °,736.3,387.3,389.2,0.19,389.4,253,76.5,-2.7,-2.7,0.69,2.99,-0.24,-0.27,92.9,7.71,95.9,16.27,-609.7,0.002,0.001,0.003
8/15/2020,10:37:19 AM,Pond B,,0.00000 °,0.00000 °,736.3,387.2,389,0.19,389.2,253,76.5,-2.7,-2.7,0.69,3,-0.24,-0.27,92.9,7.7,95.9,16.27,-609.7,0.002,0.001,0.002
8/15/2020,10:37:19 AM,Pond B,,0.00000 °,0.00000 °,736.3,387.1,389,0.19,389.2,253,76.5,-2.7,-2.7,0.69,3,-0.24,-0.27,92.9,7.7,95.9,16.27,-609.7,0.002,0.001,0.002
8/15/2020,10:37:20 AM,Pond B,,0.00000 °,0.00000 °,736.3,386.9,388.8,0.19,389,253,76.5,-2.7,-2.7,0.69,3.01,-0.24,-0.26,92.8,7.7,95.8,16.27,-609.7,0.002,0.001,0.003
8/15/2020,10:37:20 AM,Pond B,,0.00000 °,0.00000 °,736.3,386.8,388.7,0.19,388.9,253,76.5,-2.7,-2.7,0.69,3.03,-0.24,-0.26,92.8,7.7,95.8,16.27,-609.7,0.002,0.001,0.005
8/15/2020,10:37:20 AM,Pond B,,0.00000 °,0.00000 °,736.4,386.6,388.5,0.19,388.7,253,76.5,-2.7,-2.7,0.7,3.05,-0.24,-0.26,92.8,7.69,95.7,16.27,-609.7,0.002,0.001,0.011
8/15/2020,10:37:20 AM,Pond B,,0.00000 °,0.00000 °,736.4,386.5,388.4,0.19,388.6,252,76.5,-2.7,-2.7,0.7,3.03,-0.24,-0.26,92.7,7.69,95.7,16.27,-609.7,0.003,0.002,0.023
8/15/2020,10:37:21 AM,Pond B,,0.00000 °,0.00000 °,736.4,386.3,388.2,0.19,388.4,252,76.5,-2.7,-2.7,0.7,3.04,-0.24,-0.26,92.7,7.69,95.7,16.27,-609.7,0.003,0.002,0.029
8/15/2020,10:37:21 AM,Pond B,,0.00000 °,0.00000 °,736.4,386.2,388.1,0.18,388.3,252,76.5,-2.8,-2.8,0.7,3.04,-0.23,-0.26,92.7,7.69,95.6,16.27,-609.7,0.004,0.003,0.035
8/15/2020,10:37:21 AM,Pond B,,0.00000 °,0.00000 °,736.4,386,387.9,0.18,388.1,252,76.5,-2.7,-2.7,0.7,3.05,-0.23,-0.26,92.6,7.68,95.6,16.27,-609.7,0.006,0.004,0.052
8/15/2020,10:37:21 AM,Pond B,,0.00000 °,0.00000 °,736.4,385.9,387.8,0.18,388,252,76.5,-2.7,-2.7,0.7,3.07,-0.23,-0.26,92.6,7.68,95.6,16.27,-609.7,0.007,0.005,0.062
8/15/2020,10:37:22 AM,Pond B,,0.00000 °,0.00000 °,736.4,385.7,387.7,0.18,387.8,252,76.5,-2.7,-2.7,0.71,3.09,-0.23,-0.26,92.6,7.68,95.5,16.27,-609.7,0.008,0.005,0.069
8/15/2020,10:37:22 AM,Pond B,,0.00000 °,0.00000 °,736.4,385.6,387.5,0.18,387.7,252,76.5,-2.7,-2.7,0.71,3.09,-0.23,-0.26,92.5,7.68,95.5,16.27,-609.7,0.011,0.007,0.087
8/15/2020,10:37:22 AM,Pond B,,0.00000 °,0.00000 °,736.2,385.4,387.3,0.18,387.5,252,76.5,-2.7,-2.7,0.71,3.08,-0.23,-0.26,92.5,7.67,95.5,16.27,-609.7,0.012,0.009,0.098
8/15/2020,10:37:22 AM,Pond B,,0.00000 °,0.00000 °,736.2,385.2,387.2,0.18,387.4,252,76.5,-2.7,-2.7,0.71,3.1,-0.23,-0.26,92.5,7.67,95.4,16.27,-609.7,0.014,0.01,0.107
8/15/2020,10:37:23 AM,Pond B,,0.00000 °,0.00000 °,736.2,385,387,0.18,387.2,252,76.5,-2.7,-2.7,0.71,3.1,-0.23,-0.26,92.4,7.67,95.4,16.27,-609.7,0.018,0.013,0.128
8/15/2020,10:37:23 AM,Pond B,,0.00000 °,0.00000 °,736.2,384.8,386.8,0.18,387,251,76.5,-2.7,-2.7,0.71,3.09,-0.23,-0.26,92.4,7.67,95.4,16.27,-609.7,0.02,0.014,0.139
8/15/2020,10:37:23 AM,Pond B,,0.00000 °,0.00000 °,736.4,384.6,386.6,0.18,386.8,251,76.5,-2.7,-2.7,0.71,3.1,-0.23,-0.26,92.4,7.66,95.3,16.27,-609.7,0.022,0.016,0.146
8/15/2020,10:37:23 AM,Pond B,,0.00000 °,0.00000 °,736.4,384.4,386.4,0.18,386.6,251,76.5,-2.7,-2.7,0.72,3.13,-0.23,-0.26,92.3,7.66,95.3,16.27,-609.7,0.025,0.017,0.154
8/15/2020,10:37:24 AM,Pond B,,0.00000 °,0.00000 °,736.4,384.3,386.3,0.18,386.5,251,76.5,-2.7,-2.7,0.73,3.18,-0.23,-0.26,92.3,7.66,95.3,16.27,-609.7,0.029,0.021,0.176
8/15/2020,10:37:24 AM,Pond B,,0.00000 °,0.00000 °,736.4,384.1,386.2,0.18,386.4,251,76.5,-2.7,-2.7,0.74,3.2,-0.22,-0.26,92.2,7.65,95.2,16.27,-609.7,0.032,0.023,0.189
8/15/2020,10:37:24 AM,Pond B,,0.00000 °,0.00000 °,736.3,383.8,386,0.18,386.2,251,76.5,-2.7,-2.7,0.75,3.23,-0.22,-0.25,92.2,7.65,95.2,16.27,-609.7,0.035,0.025,0.201
8/15/2020,10:37:24 AM,Pond B,,0.00000 °,0.00000 °,736.3,383.6,385.8,0.18,386,251,76.5,-2.7,-2.7,0.75,3.25,-0.22,-0.25,92.2,7.65,95.1,16.27,-609.7,0.041,0.029,0.227
8/15/2020,10:37:25 AM,Pond B,,0.00000 °,0.00000 °,736.3,383.4,385.6,0.18,385.8,251,76.5,-2.7,-2.7,0.78,3.34,-0.21,-0.25,92.1,7.65,95.1,16.27,-609.7,0.044,0.031,0.239
8/15/2020,10:37:25 AM,Pond B,,0.00000 °,0.00000 °,736.3,383.2,385.4,0.18,385.6,251,76.5,-2.7,-2.7,0.78,3.37,-0.22,-0.25,92.1,7.64,95.1,16.27,-609.7,0.047,0.033,0.249
8/15/2020,10:37:25 AM,Pond B,,0.00000 °,0.00000 °,736.2,383,385.2,0.18,385.4,250,76.4,-2.7,-2.7,0.79,3.42,-0.22,-0.25,92,7.64,95,16.27,-609.7,0.054,0.038,0.269
8/15/2020,10:37:25 AM,Pond B,,0.00000 °,0.00000 °,736.2,382.7,385,0.18,385.3,250,76.4,-2.7,-2.7,0.8,3.46,-0.21,-0.25,92,7.64,95,16.27,-609.7,0.058,0.041,0.28
8/15/2020,10:37:26 AM,Pond B,,0.00000 °,0.00000 °,736.2,382.6,385,0.18,385.2,250,76.4,-2.7,-2.7,0.82,3.53,-0.21,-0.25,91.9,7.63,94.9,16.27,-609.7,0.061,0.043,0.289
8/15/2020,10:37:26 AM,Pond B,,0.00000 °,0.00000 °,736.2,382.4,384.8,0.18,385,250,76.4,-2.7,-2.7,0.83,3.56,-0.22,-0.25,91.9,7.63,94.9,16.27,-609.7,0.065,0.046,0.296
8/15/2020,10:37:26 AM,Pond B,,0.00000 °,0.00000 °,736.3,382.2,384.6,0.18,384.9,250,76.4,-2.7,-2.7,0.84,3.59,-0.22,-0.25,91.9,7.63,94.8,16.27,-609.7,0.072,0.051,0.309
8/15/2020,10:37:26 AM,Pond B,,0.00000 °,0.00000 °,736.3,382,384.5,0.18,384.7,250,76.4,-2.7,-2.7,0.85,3.65,-0.21,-0.25,91.8,7.62,94.8,16.27,-609.7,0.076,0.053,0.314
8/15/2020,10:37:27 AM,Pond B,,0.00000 °,0.00000 °,736.3,381.9,384.4,0.18,384.6,250,76.4,-2.7,-2.7,0.86,3.7,-0.21,-0.25,91.8,7.62,94.7,16.27,-609.7,0.08,0.056,0.32
8/15/2020,10:37:27 AM,Pond B,,0.00000 °,0.00000 °,736.3,381.7,384.2,0.18,384.5,250,76.4,-2.7,-2.7,0.88,3.74,-0.21,-0.25,91.7,7.62,94.7,16.27,-609.7,0.087,0.061,0.34
8/15/2020,10:37:27 AM,Pond B,,0.00000 °,0.00000 °,736.2,381.5,384.1,0.18,384.4,250,76.4,-2.7,-2.7,0.89,3.79,-0.21,-0.25,91.7,7.62,94.6,16.27,-609.7,0.091,0.064,0.348
8/15/2020,10:37:27 AM,Pond B,,0.00000 °,0.00000 °,736.2,381.3,384,0.18,384.3,250,76.4,-2.7,-2.7,0.9,3.83,-0.22,-0.25,91.6,7.61,94.6,16.27,-609.7,0.094,0.067,0.355
8/15/2020,10:37:28 AM,Pond B,,0.00000 °,0.00000 °,736.2,381.2,383.9,0.18,384.2,250,76.3,-2.7,-2.7,0.92,3.91,-0.21,-0.25,91.6,7.61,94.6,16.27,-609.7,0.102,0.072,0.37
8/15/2020,10:37:28 AM,Pond B,,0.00000 °,0.00000 °,736.2,381.1,383.8,0.18,384.1,249,76.3,-2.7,-2.7,0.93,3.97,-0.21,-0.25,91.5,7.61,94.5,16.27,-609.7,0.106,0.075,0.381
8/15/2020,10:37:28 AM,Pond B,,0.00000 °,0.00000 °,736.3,380.9,383.7,0.18,384,249,76.3,-2.7,-2.7,0.94,4.01,-0.21,-0.24,91.5,7.6,94.4,16.27,-609.7,0.11,0.078,0.392
8/15/2020,10:37:28 AM,Pond B,,0.00000 °,0.00000 °,736.3,380.7,383.6,0.18,383.9,249,76.3,-2.7,-2.7,0.95,4.05,-0.2,-0.24,91.4,7.6,94.4,16.27,-609.7,0.118,0.083,0.419
8/15/2020,10:37:29 AM,Pond B,,0.00000 °,0.00000 °,736.3,380.5,383.4,0.18,383.7,249,76.3,-2.7,-2.7,0.97,4.1,-0.2,-0.24,91.4,7.6,94.4,16.27,-609.7,0.123,0.086,0.436
8/15/2020,10:37:29 AM,Pond B,,0.00000 °,0.00000 °,736.3,380.3,383.3,0.18,383.6,249,76.3,-2.7,-2.7,0.99,4.2,-0.2,-0.24,91.4,7.6,94.3,16.27,-609.7,0.127,0.09,0.45
8/15/2020,10:37:29 AM,Pond B,,0.00000 °,0.00000 °,736.3,380.1,383.2,0.18,383.5,249,76.3,-2.7,-2.7,1,4.25,-0.19,-0.24,91.3,7.59,94.3,16.28,-609.7,0.132,0.093,0.467
8/15/2020,10:37:29 AM,Pond B,,0.00000 °,0.00000 °,736.3,379.9,383,0.18,383.3,249,76.2,-2.7,-2.7,1.02,4.31,-0.2,-0.24,91.3,7.59,94.2,16.28,-609.7,0.141,0.099,0.5
8/15/2020,10:37:30 AM,Pond B,,0.00000 °,0.00000 °,736.3,379.8,382.9,0.18,383.2,249,76.2,-2.7,-2.7,1.04,4.37,-0.19,-0.23,91.2,7.59,94.1,16.28,-609.7,0.146,0.103,0.514
8/15/2020,10:37:30 AM,Pond B,,0.00000 °,0.00000 °,736.3,379.6,382.8,0.18,383.1,249,76.2,-2.7,-2.7,1.06,4.48,-0.19,-0.23,91.2,7.58,94.1,16.28,-609.7,0.151,0.107,0.531
8/15/2020,10:37:30 AM,Pond B,,0.00000 °,0.00000 °,736.3,379.4,382.6,0.18,383,249,76.2,-2.7,-2.7,1.08,4.53,-0.19,-0.23,91.1,7.58,94,16.28,-609.7,0.161,0.114,0.567
8/15/2020,10:37:30 AM,Pond B,,0.00000 °,0.00000 °,736.3,379.2,382.5,0.18,382.9,249,76.2,-2.7,-2.7,1.09,4.59,-0.18,-0.23,91,7.58,94,16.28,-609.7,0.167,0.118,0.585
8/15/2020,10:37:31 AM,Pond B,,0.00000 °,0.00000 °,736.3,379,382.4,0.18,382.7,249,76.2,-2.7,-2.7,1.11,4.65,-0.18,-0.23,91,7.58,94,16.28,-609.7,0.172,0.122,0.6
8/15/2020,10:37:31 AM,Pond B,,0.00000 °,0.00000 °,736.3,378.8,382.3,0.18,382.6,248,76.2,-2.7,-2.7,1.13,4.77,-0.18,-0.23,91,7.57,93.9,16.28,-609.7,0.184,0.13,0.632
8/15/2020,10:37:31 AM,Pond B,,0.00000 °,0.00000 °,736.4,378.6,382.2,0.18,382.5,248,76.1,-2.7,-2.7,1.14,4.8,-0.18,-0.23,90.9,7.57,93.8,16.28,-609.7,0.19,0.134,0.649
8/15/2020,10:37:31 AM,Pond B,,0.00000 °,0.00000 °,736.4,378.5,382.1,0.18,382.4,248,76.1,-2.7,-2.7,1.15,4.84,-0.18,-0.23,90.9,7.57,93.8,16.28,-609.7,0.195,0.138,0.66
8/15/2020,10:37:32 AM,Pond B,,0.00000 °,0.00000 °,736.4,378.4,382,0.18,382.4,248,76.1,-2.7,-2.7,1.17,4.89,-0.17,-0.22,90.8,7.56,93.7,16.28,-609.7,0.207,0.146,0.69
8/15/2020,10:37:32 AM,Pond B,,0.00000 °,0.00000 °,736.4,378.2,382,0.18,382.3,248,76.1,-2.7,-2.7,1.2,5.02,-0.17,-0.22,90.7,7.56,93.7,16.28,-609.7,0.213,0.15,0.707
8/15/2020,10:37:32 AM,Pond B,,0.00000 °,0.00000 °,736.4,378.1,381.9,0.18,382.3,248,76,-2.7,-2.7,1.21,5.06,-0.17,-0.22,90.7,7.56,93.6,16.28,-609.7,0.219,0.155,0.72
8/15/2020,10:37:32 AM,Pond B,,0.00000 °,0.00000 °,736.4,378,381.9,0.18,382.3,248,76,-2.7,-2.7,1.22,5.11,-0.16,-0.21,90.6,7.55,93.6,16.28,-609.7,0.232,0.163,0.76
8/15/2020,10:37:33 AM,Pond B,,0.00000 °,0.00000 °,736.4,378,382,0.18,382.4,248,76,-2.7,-2.7,1.24,5.17,-0.16,-0.21,90.6,7.55,93.5,16.28,-609.7,0.238,0.168,0.785
8/15/2020,10:37:33 AM,Pond B,,0.00000 °,0.00000 °,736.4,378,382.1,0.18,382.5,248,76,-2.7,-2.7,1.26,5.24,-0.16,-0.21,90.6,7.55,93.5,16.28,-609.7,0.245,0.172,0.806
8/15/2020,10:37:33 AM,Pond B,,0.00000 °,0.00000 °,736.2,378,382.2,0.18,382.6,248,76,-2.7,-2.7,1.27,5.31,-0.15,-0.21,90.5,7.55,93.4,16.28,-609.7,0.251,0.177,0.826
8/15/2020,10:37:33 AM,Pond B,,0.00000 °,0.00000 °,736.2,378.1,382.3,0.18,382.7,248,76,-2.7,-2.7,1.89,7.76,-0.15,-0.21,90.5,7.54,93.4,16.28,-609.7,1.284,0.905,0.86
8/15/2020,10:37:34 AM,Pond B,,0.00000 °,0.00000 °,736.2,378.1,382.4,0.18,382.8,249,75.9,-2.7,-2.7,1.66,6.83,-0.14,-0.2,90.4,7.54,93.3,16.28,-609.7,1.291,0.91,0.874
8/15/2020,10:37:34 AM,Pond B,,0.00000 °,0.00000 °,736.2,378.1,382.4,0.18,382.9,249,75.9,-2.7,-2.7,1.81,7.45,-0.15,-0.21,90.4,7.54,93.3,16.28,-609.7,1.305,0.92,0.887
8/15/2020,10:37:34 AM,Pond B,,0.00000 °,0.00000 °,736.3,378.1,382.5,0.18,383,249,75.9,-2.7,-2.7,1.71,7.05,-0.14,-0.2,90.3,7.54,93.2,16.28,-609.7,1.34,0.945,0.911
8/15/2020,10:37:34 AM,Pond B,,0.00000 °,0.00000 °,736.3,378.2,382.6,0.18,383.1,249,75.9,-2.7,-2.7,2,8.2,-0.14,-0.2,90.3,7.53,93.2,16.28,-609.7,1.366,0.963,0.926
8/15/2020,10:37:35 AM,Pond B,,0.00000 °,0.00000 °,736.3,378.2,382.8,0.18,383.2,249,75.9,-2.7,-2.6,2.13,8.71,-0.14,-0.2,90.2,7.53,93.1,16.28,-609.7,1.375,0.97,0.938
8/15/2020,10:37:35 AM,Pond B,,0.00000 °,0.00000 °,736.3,378.2,382.9,0.18,383.4,249,75.9,-2.7,-2.6,1.93,7.9,-0.13,-0.2,90.2,7.53,93.1,16.28,-609.7,1.396,0.984,0.951
8/15/2020,10:37:35 AM,Pond B,,0.00000 °,0.00000 °,736.4,378.3,383,0.18,383.5,249,75.8,-2.7,-2.6,2.26,9.22,-0.13,-0.2,90.1,7.53,93,16.28,-609.7,1.44,1.015,0.978
8/15/2020,10:37:35 AM,Pond B,,0.00000 °,0.00000 °,736.4,378.3,383.1,0.18,383.6,249,75.8,-2.6,-2.6,2.32,9.46,-0.13,-0.19,90.1,7.52,92.9,16.28,-609.7,1.442,1.017,0.989
8/15/2020,10:37:36 AM,Pond B,,0.00000 °,0.00000 °,736.4,378.4,383.3,0.18,383.8,249,75.8,-2.6,-2.6,2.32,9.45,-0.12,-0.19,90,7.52,92.9,16.28,-609.7,1.49,1.051,1.016
8/15/2020,10:37:36 AM,Pond B,,0.00000 °,0.00000 °,736.4,378.4,383.3,0.18,383.8,249,75.8,-2.6,-2.6,2.63,10.67,-0.12,-0.19,89.9,7.51,92.8,16.28,-609.7,1.52,1.072,1.031
8/15/2020,10:37:36 AM,Pond B,,0.00000 °,0.00000 °,736.4,378.5,383.5,0.18,384,249,75.8,-2.6,-2.6,1.92,7.86,-0.12,-0.19,89.9,7.51,92.7,16.28,-609.7,1.526,1.076,1.044
8/15/2020,10:37:36 AM,Pond B,,0.00000 °,0.00000 °,736.4,378.6,383.7,0.18,384.2,249,75.7,-2.6,-2.6,2.55,10.35,-0.11,-0.18,89.8,7.51,92.7,16.28,-609.7,1.534,1.081,1.054
8/15/2020,10:37:37 AM,Pond B,,0.00000 °,0.00000 °,736.4,378.7,383.8,0.18,384.4,249,75.7,-2.6,-2.6,2.55,10.35,-0.11,-0.18,89.7,7.5,92.6,16.28,-609.7,1.534,1.081,1.085
8/15/2020,10:37:37 AM,Pond B,,0.00000 °,0.00000 °,736.4,378.8,384,0.18,384.5,250,75.7,-2.6,-2.6,2.55,10.35,-0.1,-0.18,89.7,7.5,92.5,16.28,-609.7,1.542,1.087,1.105
8/15/2020,10:37:37 AM,Pond B,,0.00000 °,0.00000 °,736.4,378.9,384.2,0.18,384.8,250,75.7,-2.6,-2.6,2.55,10.35,-0.09,-0.17,89.6,7.49,92.5,16.28,-609.7,1.556,1.097,1.123
8/15/2020,10:37:37 AM,Pond B,,0.00000 °,0.00000 °,736.4,379,384.4,0.18,385,250,75.7,-2.6,-2.6,2.55,10.35,-0.09,-0.17,89.5,7.49,92.4,16.29,-609.7,1.591,1.122,1.154
8/15/2020,10:37:38 AM,Pond B,,0.00000 °,0.00000 °,736.4,379.1,384.7,0.18,385.2,250,75.6,-2.6,-2.6,2.55,10.37,-0.08,-0.16,89.4,7.48,92.3,16.29,-609.7,1.608,1.134,1.17
8/15/2020,10:37:38 AM,Pond B,,0.00000 °,0.00000 °,736.4,379.2,384.8,0.18,385.3,250,75.6,-2.6,-2.6,2.55,10.37,-0.07,-0.16,89.4,7.48,92.2,16.29,-609.7,1.623,1.144,1.182
8/15/2020,10:37:38 AM,Pond B,,0.00000 °,0.00000 °,736.3,379.3,385,0.18,385.6,250,75.6,-2.6,-2.6,2.55,10.37,-0.07,-0.15,89.3,7.48,92.2,16.29,-609.7,1.652,1.165,1.209
8/15/2020,10:37:38 AM,Pond B,,0.00000 °,0.00000 °,736.3,379.4,385.3,0.18,385.9,250,75.6,-2.6,-2.6,2.57,10.43,-0.06,-0.15,89.3,7.47,92.1,16.29,-609.7,1.665,1.174,1.224
8/15/2020,10:37:39 AM,Pond B,,0.00000 °,0.00000 °,736.3,379.5,385.5,0.18,386.1,251,75.5,-2.6,-2.6,2.58,10.48,-0.05,-0.14,89.2,7.47,92,16.29,-609.7,1.678,1.183,1.236
8/15/2020,10:37:39 AM,Pond B,,0.00000 °,0.00000 °,736.3,379.7,385.8,0.18,386.4,251,75.5,-2.6,-2.6,2.64,10.7,-0.05,-0.14,89.1,7.46,91.9,16.29,-609.7,1.691,1.192,1.249
8/15/2020,10:37:39 AM,Pond B,,0.00000 °,0.00000 °,736.2,379.8,386,0.18,386.7,251,75.5,-2.6,-2.6,2.66,10.8,-0.04,-0.14,89,7.46,91.9,16.29,-609.7,1.714,1.208,1.269
8/15/2020,10:37:39 AM,Pond B,,0.00000 °,0.00000 °,736.2,380,386.3,0.18,387,251,75.5,-2.6,-2.6,2.69,10.91,-0.03,-0.13,88.9,7.45,91.8,16.29,-609.7,1.724,1.215,1.281
8/15/2020,10:37:40 AM,Pond B,,0.00000 °,0.00000 °,736.2,380.1,386.6,0.18,387.2,251,75.4,-2.6,-2.6,2.72,11.02,-0.01,-0.12,88.8,7.45,91.7,16.29,-609.7,1.733,1.222,1.291
8/15/2020,10:37:40 AM,Pond B,,0.00000 °,0.00000 °,736.2,380.2,386.7,0.18,387.4,251,75.4,-2.6,-2.6,2.79,11.29,0,-0.11,88.7,7.44,91.6,16.29,-609.7,1.752,1.235,1.306
8/15/2020,10:37:40 AM,Pond B,,0.00000 °,0.00000 °,736.3,380.3,386.9,0.18,387.6,251,75.4,-2.6,-2.6,2.82,11.44,0,-0.11,88.6,7.44,91.5,16.29,-609.7,1.76,1.241,1.314
8/15/2020,10:37:40 AM,Pond B,,0.00000 °,0.00000 °,736.3,380.4,387.1,0.18,387.8,252,75.4,-2.6,-2.6,2.86,11.6,0.01,-0.1,88.6,7.43,91.4,16.29,-609.7,1.767,1.246,1.32
8/15/2020,10:40:11 AM,Pond C,,0.00000 °,0.00000 °,736.3,381,376.9,0.18,376.5,245,78,-3,-3,0.82,3.52,-0.14,-0.2,93.1,7.61,96.1,16.25,-609.7,-0.003,-0.002,-0.002
8/15/2020,10:40:11 AM,Pond C,,0.00000 °,0.00000 °,736.3,381,376.9,0.18,376.5,245,78,-3,-3,0.82,3.52,-0.16,-0.22,93.1,7.61,96.1,16.25,-609.7,-0.002,-0.001,0.001
8/15/2020,10:40:11 AM,Pond C,,0.00000 °,0.00000 °,736.3,381,376.9,0.18,376.5,245,78,-3,-3,0.82,3.51,-0.17,-0.22,93.1,7.61,96.1,16.25,-609.7,-0.002,-0.001,0
8/15/2020,10:40:11 AM,Pond C,,0.00000 °,0.00000 °,736.3,381,376.9,0.18,376.5,245,78,-3,-3,0.82,3.53,-0.16,-0.22,93.1,7.6,96.1,16.25,-609.7,-0.001,-0.001,0.001
8/15/2020,10:40:12 AM,Pond C,,0.00000 °,0.00000 °,736.3,381,376.9,0.18,376.5,245,78,-3,-3,0.82,3.53,-0.16,-0.22,93.1,7.6,96.1,16.25,-609.7,-0.002,-0.001,-0.001
8/15/2020,10:40:12 AM,Pond C,,0.00000 °,0.00000 °,736.4,381,376.9,0.18,376.5,245,78,-3,-3,0.82,3.54,-0.17,-0.22,93.1,7.61,96.1,16.25,-609.7,-0.002,-0.001,-0.002
8/15/2020,10:40:12 AM,Pond C,,0.00000 °,0.00000 °,736.4,381,376.9,0.18,376.5,245,78,-3,-3,0.83,3.56,-0.17,-0.22,93.1,7.6,96,16.25,-609.7,-0.002,-0.001,0
8/15/2020,10:40:12 AM,Pond C,,0.00000 °,0.00000 °,736.4,381,376.9,0.18,376.5,245,78,-3,-3,0.83,3.54,-0.17,-0.22,93.1,7.6,96.1,16.25,-609.7,-0.002,-0.001,-0.002
8/15/2020,10:40:13 AM,Pond C,,0.00000 °,0.00000 °,736.4,381,376.9,0.18,376.5,245,78,-3,-3,0.83,3.56,-0.17,-0.22,93.1,7.6,96,16.25,-609.7,-0.002,-0.001,-0.001
8/15/2020,10:40:13 AM,Pond C,,0.00000 °,0.00000 °,736.4,381,376.9,0.18,376.5,245,78,-3,-3,0.83,3.56,-0.18,-0.23,93.1,7.6,96.1,16.25,-609.7,-0.001,-0.001,0
8/15/2020,10:40:13 AM,Pond C,,0.00000 °,0.00000 °,736.4,381.1,376.9,0.18,376.5,245,78,-3,-3,0.83,3.56,-0.17,-0.22,93.1,7.6,96.1,16.25,-609.7,-0.002,-0.001,-0.001
8/15/2020,10:40:13 AM,Pond C,,0.00000 °,0.00000 °,736.4,381.1,377,0.18,376.5,245,78,-3,-3,0.83,3.57,-0.17,-0.22,93.1,7.6,96.1,16.25,-609.7,-0.002,-0.001,-0.001
8/15/2020,10:40:14 AM,Pond C,,0.00000 °,0.00000 °,736.4,381.1,377,0.18,376.5,245,78,-3,-3,0.84,3.59,-0.17,-0.22,93.1,7.6,96.1,16.25,-609.7,-0.001,-0.001,0
8/15/2020,10:40:14 AM,Pond C,,0.00000 °,0.00000 °,736.4,381.1,377,0.18,376.5,245,78,-3,-3,0.84,3.59,-0.16,-0.22,93.1,7.6,96,16.24,-609.7,-0.001,-0.001,0
8/15/2020,10:40:14 AM,Pond C,,0.00000 °,0.00000 °,736.4,381.2,377,0.18,376.6,245,78,-3,-3,0.84,3.61,-0.16,-0.21,93.1,7.6,96,16.24,-609.7,-0.001,-0.001,0
8/15/2020,10:40:14 AM,Pond C,,0.00000 °,0.00000 °,736.4,381.2,377,0.18,376.6,245,78,-3,-3,0.85,3.64,-0.15,-0.21,93.1,7.6,96,16.24,-609.7,-0.001,-0.001,0
8/15/2020,10:40:15 AM,Pond C,,0.00000 °,0.00000 °,736.4,381.2,377,0.18,376.6,245,78,-3,-3,0.86,3.66,-0.16,-0.21,93.1,7.6,96,16.24,-609.7,-0.001,-0.001,0.001
8/15/2020,10:40:15 AM,Pond C,,0.00000 °,0.00000 °,736.4,381.2,377,0.18,376.6,245,78,-3,-3,0.86,3.69,-0.16,-0.21,93.1,7.6,96,16.24,-609.7,-0.001,-0.001,0
8/15/2020,10:40:15 AM,Pond C,,0.00000 °,0.00000 °,736.4,381.2,377,0.18,376.6,245,78,-3,-3,0.88,3.76,-0.16,-0.22,93.1,7.6,96,16.24,-609.7,-0.001,-0.001,0
8/15/2020,10:40:15 AM,Pond C,,0.00000 °,0.00000 °,736.4,381.3,377,0.18,376.6,245,78.1,-3,-3,0.89,3.79,-0.16,-0.21,93,7.6,96,16.24,-609.7,-0.001,-0.001,0.002
8/15/2020,10:40:16 AM,Pond C,,0.00000 °,0.00000 °,736.4,381.3,377.1,0.18,376.6,245,78.1,-3,-3,0.89,3.81,-0.16,-0.21,93,7.6,96,16.24,-609.7,-0.001,-0.001,-0.001
8/15/2020,10:40:16 AM,Pond C,,0.00000 °,0.00000 °,736.3,381.3,377.1,0.18,376.6,245,78.1,-3,-3,0.89,3.81,-0.15,-0.21,93,7.6,96,16.24,-609.7,-0.001,-0.001,0.003
8/15/2020,10:40:16 AM,Pond C,,0.00000 °,0.00000 °,736.3,381.3,377.1,0.18,376.6,245,78.1,-3,-3,0.9,3.85,-0.15,-0.21,93,7.6,96,16.24,-609.7,-0.001,0,0.01
8/15/2020,10:40:16 AM,Pond C,,0.00000 °,0.00000 °,736.3,381.3,377.1,0.18,376.6,245,78.1,-3,-3,0.9,3.84,-0.15,-0.21,93,7.6,96,16.24,-609.7,0,0,0.017
8/15/2020,10:40:17 AM,Pond C,,0.00000 °,0.00000 °,736.3,381.3,377.1,0.18,376.6,245,78.1,-3,-3,0.9,3.85,-0.15,-0.21,93,7.6,96,16.24,-609.7,0.001,0.001,0.027
8/15/2020,10:40:17 AM,Pond C,,0.00000 °,0.00000 °,736.3,381.3,377.1,0.18,376.6,245,78.1,-3,-3,0.91,3.87,-0.15,-0.21,93,7.6,96,16.24,-609.7,0.003,0.002,0.056
8/15/2020,10:40:17 AM,Pond C,,0.00000 °,0.00000 °,736.3,381.3,377.1,0.18,376.6,245,78.1,-3,-3,0.92,3.93,-0.16,-0.21,93,7.6,96,16.24,-609.7,0.006,0.004,0.069
8/15/2020,10:40:17 AM,Pond C,,0.00000 °,0.00000 °,736.3,381.3,377.1,0.18,376.7,245,78.1,-3,-3,0.93,3.94,-0.15,-0.21,93,7.6,96,16.24,-609.7,0.008,0.006,0.085
8/15/2020,10:40:18 AM,Pond C,,0.00000 °,0.00000 °,736.3,381.3,377.1,0.18,376.7,245,78.1,-3,-3,0.93,3.94,-0.15,-0.21,93,7.6,96,16.24,-609.7,0.015,0.01,0.118
8/15/2020,10:40:18 AM,Pond C,,0.00000 °,0.00000 °,736.3,381.3,377.1,0.18,376.7,245,78.1,-3,-3,0.93,3.95,-0.15,-0.21,93,7.59,96,16.24,-609.7,0.018,0.013,0.136
8/15/2020,10:40:18 AM,Pond C,,0.00000 °,0.00000 °,736.3,381.3,377.1,0.18,376.7,245,78.1,-3,-3,0.93,3.95,-0.15,-0.21,93,7.59,96,16.24,-609.7,0.022,0.016,0.156
8/15/2020,10:40:18 AM,Pond C,,0.00000 °,0.00000 °,736.3,381.4,377.1,0.18,376.7,245,78.1,-3,-3,0.94,3.98,-0.15,-0.21,93,7.59,96,16.24,-609.7,0.027,0.019,0.177
8/15/2020,10:40:19 AM,Pond C,,0.00000 °,0.00000 °,736.3,381.4,377.1,0.18,376.7,245,78.1,-3,-3,0.94,4,-0.15,-0.21,92.9,7.59,95.9,16.24,-609.7,0.037,0.026,0.209
8/15/2020,10:40:19 AM,Pond C,,0.00000 °,0.00000 °,736.3,381.4,377.1,0.18,376.7,245,78.1,-3,-3,0.94,4.01,-0.15,-0.21,92.9,7.59,95.9,16.24,-609.7,0.043,0.03,0.222
8/15/2020,10:40:19 AM,Pond C,,0.00000 °,0.00000 °,736.3,381.4,377.1,0.18,376.7,245,78,-3,-3,0.94,4.01,-0.15,-0.21,92.9,7.59,95.9,16.24,-609.7,0.06,0.042,0.266
8/15/2020,10:40:19 AM,Pond C,,0.00000 °,0.00000 °,736.3,381.4,377.1,0.18,376.7,245,78,-3,-3,0.94,4,-0.15,-0.21,92.9,7.59,95.9,16.24,-609.7,0.06,0.042,0.266
8/15/2020,10:40:20 AM,Pond C,,0.00000 °,0.00000 °,736.3,381.3,377.2,0.18,376.7,245,78,-3,-3,0.94,4.01,-0.15,-0.21,92.9,7.59,95.9,16.24,-609.7,0.066,0.046,0.28
8/15/2020,10:40:20 AM,Pond C,,0.00000 °,0.00000 °,736.4,381.3,377.2,0.18,376.7,245,78,-3,-3,0.94,4,-0.15,-0.21,92.9,7.59,95.9,16.24,-609.7,0.072,0.051,0.295
8/15/2020,10:40:20 AM,Pond C,,0.00000 °,0.00000 °,736.4,381.3,377.2,0.18,376.7,245,78,-3,-3,0.95,4.02,-0.15,-0.21,92.9,7.58,95.8,16.24,-609.7,0.084,0.059,0.333
8/15/2020,10:40:20 AM,Pond C,,0.00000 °,0.00000 °,736.4,381.3,377.2,0.18,376.7,245,78,-3,-3,0.95,4.04,-0.15,-0.21,92.8,7.58,95.8,16.24,-609.7,0.091,0.064,0.352
8/15/2020,10:40:21 AM,Pond C,,0.00000 °,0.00000 °,736.4,381.3,377.2,0.18,376.8,245,78,-3,-3,0.96,4.09,-0.15,-0.21,92.8,7.58,95.8,16.24,-609.7,0.098,0.069,0.369
8/15/2020,10:40:21 AM,Pond C,,0.00000 °,0.00000 °,736.3,381.3,377.2,0.18,376.8,245,78,-3,-3,0.97,4.13,-0.15,-0.21,92.8,7.58,95.8,16.24,-609.7,0.113,0.079,0.401
8/15/2020,10:40:21 AM,Pond C,,0.00000 °,0.00000 °,736.3,381.3,377.2,0.18,376.8,245,78,-3,-3,0.98,4.15,-0.15,-0.21,92.8,7.58,95.8,16.24,-609.7,0.12,0.085,0.418
8/15/2020,10:40:21 AM,Pond C,,0.00000 °,0.00000 °,736.3,381.3,377.2,0.18,376.8,245,78,-3,-3,0.99,4.18,-0.15,-0.21,92.8,7.58,95.7,16.25,-609.7,0.127,0.09,0.432
8/15/2020,10:40:22 AM,Pond C,,0.00000 °,0.00000 °,736.3,381.2,377.2,0.18,376.8,245,78,-3,-3,0.99,4.21,-0.15,-0.21,92.7,7.58,95.7,16.25,-609.7,0.143,0.101,0.47
8/15/2020,10:40:22 AM,Pond C,,0.00000 °,0.00000 °,736.4,381.2,377.2,0.18,376.8,245,78,-3,-3,1,4.25,-0.15,-0.21,92.7,7.58,95.7,16.25,-609.7,0.151,0.106,0.485
8/15/2020,10:40:22 AM,Pond C,,0.00000 °,0.00000 °,736.4,381.2,377.2,0.18,376.8,245,78,-3,-3,1.01,4.28,-0.15,-0.21,92.7,7.57,95.7,16.25,-609.7,0.159,0.112,0.495
8/15/2020,10:40:22 AM,Pond C,,0.00000 °,0.00000 °,736.4,381.1,377.2,0.18,376.8,245,78,-3,-3,1.01,4.26,-0.15,-0.21,92.7,7.57,95.6,16.25,-609.7,0.167,0.117,0.506
8/15/2020,10:40:23 AM,Pond C,,0.00000 °,0.00000 °,736.4,381.1,377.2,0.18,376.8,245,78,-3,-3,1.01,4.25,-0.16,-0.21,92.6,7.57,95.6,16.25,-609.7,0.182,0.128,0.531
8/15/2020,10:40:23 AM,Pond C,,0.00000 °,0.00000 °,736.3,381.1,377.2,0.18,376.8,245,78,-3,-3,1,4.25,-0.16,-0.21,92.6,7.57,95.6,16.25,-609.7,0.19,0.134,0.545
8/15/2020,10:40:23 AM,Pond C,,0.00000 °,0.00000 °,736.3,381,377.2,0.18,376.8,245,78,-3,-3,1.01,4.26,-0.15,-0.21,92.6,7.57,95.6,16.25,-609.7,0.198,0.14,0.56
8/15/2020,10:40:23 AM,Pond C,,0.00000 °,0.00000 °,736.3,380.9,377.1,0.18,376.7,245,77.9,-3,-2.9,1.01,4.28,-0.15,-0.21,92.6,7.57,95.6,16.25,-609.7,0.214,0.151,0.586
8/15/2020,10:40:24 AM,Pond C,,0.00000 °,0.00000 °,736.3,380.9,377.1,0.18,376.7,245,77.9,-2.9,-2.9,1.01,4.27,-0.15,-0.21,92.6,7.57,95.5,16.25,-609.7,0.222,0.157,0.602
8/15/2020,10:40:24 AM,Pond C,,0.00000 °,0.00000 °,736.3,380.8,377.1,0.18,376.7,245,77.9,-2.9,-2.9,1.01,4.27,-0.15,-0.21,92.5,7.57,95.5,16.25,-609.7,0.23,0.162,0.619
8/15/2020,10:40:24 AM,Pond C,,0.00000 °,0.00000 °,736.3,380.7,377.1,0.18,376.7,245,77.9,-2.9,-2.9,1.02,4.29,-0.16,-0.21,92.5,7.57,95.5,16.25,-609.7,0.256,0.18,0.666
8/15/2020,10:40:24 AM,Pond C,,0.00000 °,0.00000 °,736.3,380.6,377.1,0.18,376.7,245,77.9,-2.9,-2.9,1.01,4.29,-0.16,-0.21,92.5,7.56,95.4,16.25,-609.7,0.256,0.18,0.666
8/15/2020,10:40:25 AM,Pond C,,0.00000 °,0.00000 °,736.3,380.6,377,0.18,376.7,245,77.9,-2.9,-2.9,1.02,4.3,-0.16,-0.21,92.4,7.56,95.4,16.25,-609.7,0.264,0.186,0.678
8/15/2020,10:40:25 AM,Pond C,,0.00000 °,0.00000 °,736.4,380.5,377,0.18,376.7,245,77.9,-2.9,-2.9,1.02,4.3,-0.16,-0.22,92.4,7.56,95.4,16.25,-609.7,0.281,0.198,0.706
8/15/2020,10:40:25 AM,Pond C,,0.00000 °,0.00000 °,736.4,380.5,377,0.18,376.7,245,77.8,-2.9,-2.9,1.02,4.3,-0.16,-0.22,92.4,7.56,95.4,16.25,-609.7,0.29,0.204,0.72
8/15/2020,10:40:25 AM,Pond C,,0.00000 °,0.00000 °,736.4,380.4,377,0.18,376.6,245,77.8,-2.9,-2.9,1,4.24,-0.16,-0.22,92.4,7.56,95.3,16.25,-609.7,0.298,0.21,0.728
8/15/2020,10:40:26 AM,Pond C,,0.00000 °,0.00000 °,736.4,380.3,377,0.18,376.6,245,77.8,-2.9,-2.9,0.99,4.21,-0.16,-0.22,92.3,7.56,95.3,16.25,-609.7,0.307,0.216,0.737
8/15/2020,10:40:26 AM,Pond C,,0.00000 °,0.00000 °,736.4,380.2,377,0.18,376.6,245,77.8,-2.9,-2.9,0.99,4.18,-0.17,-0.22,92.3,7.56,95.3,16.25,-609.7,0.324,0.228,0.754
8/15/2020,10:40:26 AM,Pond C,,0.00000 °,0.00000 °,736.4,380.1,377,0.18,376.6,245,77.8,-2.9,-2.9,0.98,4.15,-0.17,-0.22,92.3,7.56,95.2,16.25,-609.7,0.332,0.234,0.766
8/15/2020,10:40:26 AM,Pond C,,0.00000 °,0.00000 °,736.4,380.1,377,0.18,376.6,245,77.8,-2.9,-2.9,0.97,4.1,-0.17,-0.22,92.3,7.55,95.2,16.25,-609.7,0.34,0.24,0.778
8/15/2020,10:40:27 AM,Pond C,,0.00000 °,0.00000 °,736.4,380,376.9,0.18,376.6,245,77.8,-2.9,-2.9,0.96,4.06,-0.17,-0.22,92.2,7.55,95.2,16.25,-609.7,0.357,0.251,0.805
8/15/2020,10:40:27 AM,Pond C,,0.00000 °,0.00000 °,736.4,379.9,376.9,0.18,376.6,245,77.7,-2.9,-2.9,0.95,4.04,-0.17,-0.22,92.2,7.55,95.2,16.25,-609.7,0.365,0.257,0.818
8/15/2020,10:40:27 AM,Pond C,,0.00000 °,0.00000 °,736.4,379.9,376.9,0.18,376.6,245,77.7,-2.9,-2.9,0.95,4.02,-0.17,-0.22,92.2,7.55,95.1,16.25,-609.7,0.373,0.263,0.828
8/15/2020,10:40:27 AM,Pond C,,0.00000 °,0.00000 °,736.4,379.8,376.9,0.18,376.6,245,77.7,-2.9,-2.9,0.93,3.97,-0.18,-0.22,92.1,7.55,95.1,16.25,-609.7,0.39,0.275,0.85
8/15/2020,10:40:28 AM,Pond C,,0.00000 °,0.00000 °,736.4,379.7,376.9,0.18,376.6,245,77.7,-2.9,-2.9,0.93,3.96,-0.18,-0.23,92.1,7.55,95.1,16.25,-609.7,0.398,0.281,0.863
8/15/2020,10:40:28 AM,Pond C,,0.00000 °,0.00000 °,736.3,379.6,376.9,0.18,376.7,245,77.7,-2.9,-2.9,0.93,3.94,-0.18,-0.23,92.1,7.55,95,16.25,-609.7,0.407,0.287,0.874
8/15/2020,10:40:28 AM,Pond C,,0.00000 °,0.00000 °,736.3,379.6,376.9,0.18,376.7,245,77.6,-2.9,-2.9,0.91,3.89,-0.18,-0.23,92,7.55,95,16.25,-609.7,0.415,0.293,0.888
8/15/2020,10:40:28 AM,Pond C,,0.00000 °,0.00000 °,736.3,379.5,377,0.18,376.7,245,77.6,-2.9,-2.9,0.9,3.83,-0.18,-0.23,92,7.54,95,16.25,-609.7,0.432,0.305,0.907
8/15/2020,10:40:29 AM,Pond C,,0.00000 °,0.00000 °,736.3,379.4,377,0.18,376.7,245,77.6,-2.9,-2.9,0.89,3.79,-0.18,-0.23,92,7.54,94.9,16.25,-609.7,0.44,0.31,0.914
8/15/2020,10:40:29 AM,Pond C,,0.00000 °,0.00000 °,736.3,379.4,377,0.18,376.8,245,77.6,-2.9,-2.9,0.88,3.75,-0.18,-0.23,91.9,7.54,94.9,16.25,-609.7,0.448,0.316,0.925
8/15/2020,10:40:29 AM,Pond C,,0.00000 °,0.00000 °,736.3,379.3,377,0.18,376.8,245,77.6,-2.9,-2.9,0.87,3.73,-0.18,-0.23,91.9,7.54,94.9,16.25,-609.7,0.465,0.328,0.95
8/15/2020,10:40:29 AM,Pond C,,0.00000 °,0.00000 °,736.3,379.3,377.1,0.18,376.8,245,77.5,-2.9,-2.9,0.85,3.65,-0.18,-0.23,91.9,7.54,94.8,16.25,-609.7,0.473,0.334,0.963
8/15/2020,10:40:30 AM,Pond C,,0.00000 °,0.00000 °,736.3,379.3,377.1,0.18,376.9,245,77.5,-2.9,-2.9,0.85,3.64,-0.17,-0.22,91.8,7.54,94.8,16.25,-609.7,0.481,0.339,0.978
8/15/2020,10:40:30 AM,Pond C,,0.00000 °,0.00000 °,736.3,379.2,377.2,0.18,377,245,77.5,-2.9,-2.9,0.85,3.63,-0.17,-0.22,91.8,7.54,94.8,16.25,-609.7,0.498,0.351,1.007
8/15/2020,10:40:30 AM,Pond C,,0.00000 °,0.00000 °,736.3,379.2,377.2,0.18,377,245,77.5,-2.9,-2.9,0.85,3.63,-0.17,-0.22,91.8,7.54,94.7,16.25,-609.7,0.507,0.357,1.019
8/15/2020,10:40:30 AM,Pond C,,0.00000 °,0.00000 °,736.3,379.2,377.3,0.18,377.1,245,77.5,-2.9,-2.9,0.85,3.62,-0.17,-0.22,91.7,7.53,94.7,16.25,-609.7,0.515,0.363,1.026
8/15/2020,10:40:31 AM,Pond C,,0.00000 °,0.00000 °,736.3,379.2,377.3,0.18,377.2,245,77.4,-2.9,-2.9,0.84,3.61,-0.17,-0.22,91.7,7.53,94.7,16.25,-609.7,0.523,0.369,1.032
8/15/2020,10:40:31 AM,Pond C,,0.00000 °,0.00000 °,736.4,379.1,377.4,0.18,377.2,245,77.4,-2.9,-2.9,0.84,3.6,-0.17,-0.22,91.7,7.53,94.6,16.25,-609.7,0.54,0.381,1.048
8/15/2020,10:40:31 AM,Pond C,,0.00000 °,0.00000 °,736.4,379.1,377.4,0.18,377.3,245,77.4,-2.9,-2.9,0.83,3.57,-0.17,-0.22,91.6,7.53,94.6,16.25,-609.7,0.548,0.386,1.051
8/15/2020,10:40:31 AM,Pond C,,0.00000 °,0.00000 °,736.4,379.1,377.5,0.18,377.3,245,77.4,-2.9,-2.9,0.82,3.54,-0.17,-0.22,91.6,7.53,94.6,16.26,-609.7,0.564,0.398,1.062
8/15/2020,10:40:32 AM,Pond C,,0.00000 °,0.00000 °,736.4,379.1,377.5,0.18,377.4,245,77.4,-2.9,-2.9,0.82,3.52,-0.17,-0.22,91.6,7.53,94.5,16.26,-609.7,0.579,0.408,1.072
8/15/2020,10:40:32 AM,Pond C,,0.00000 °,0.00000 °,736.3,379.1,377.6,0.18,377.4,245,77.4,-2.9,-2.9,0.81,3.48,-0.16,-0.22,91.6,7.53,94.5,16.26,-609.7,0.579,0.408,1.072
8/15/2020,10:40:32 AM,Pond C,,0.00000 °,0.00000 °,736.3,379.1,377.7,0.18,377.5,245,77.4,-2.9,-2.9,0.8,3.46,-0.16,-0.22,91.5,7.53,94.5,16.26,-609.7,0.587,0.414,1.077
8/15/2020,10:40:32 AM,Pond C,,0.00000 °,0.00000 °,736.3,379.1,377.7,0.18,377.6,246,77.3,-2.9,-2.9,0.8,3.44,-0.16,-0.21,91.5,7.52,94.4,16.26,-609.7,0.602,0.425,1.091
8/15/2020,10:40:33 AM,Pond C,,0.00000 °,0.00000 °,736.3,379.2,377.9,0.18,377.7,246,77.3,-2.9,-2.9,0.79,3.42,-0.16,-0.22,91.4,7.52,94.4,16.26,-609.7,0.617,0.435,1.106
8/15/2020,10:40:33 AM,Pond C,,0.00000 °,0.00000 °,736.3,379.3,378,0.18,377.9,246,77.3,-2.9,-2.9,0.79,3.42,-0.16,-0.21,91.4,7.52,94.3,16.26,-609.7,0.617,0.435,1.106
8/15/2020,10:40:33 AM,Pond C,,0.00000 °,0.00000 °,736.3,379.3,378.1,0.18,377.9,246,77.3,-2.9,-2.9,0.79,3.42,-0.16,-0.21,91.4,7.52,94.3,16.26,-609.7,0.632,0.446,1.121
8/15/2020,10:40:33 AM,Pond C,,0.00000 °,0.00000 °,736.3,379.4,378.2,0.18,378.1,246,77.3,-2.9,-2.9,0.81,3.47,-0.16,-0.21,91.3,7.51,94.3,16.26,-609.7,0.64,0.451,1.131
8/15/2020,10:40:34 AM,Pond C,,0.00000 °,0.00000 °,736.3,379.5,378.4,0.18,378.3,246,77.3,-2.9,-2.8,0.83,3.55,-0.15,-0.21,91.3,7.51,94.2,16.26,-609.7,1.634,1.152,1.137
8/15/2020,10:40:34 AM,Pond C,,0.00000 °,0.00000 °,736.2,379.6,378.6,0.18,378.5,246,77.2,-2.8,-2.8,0.85,3.64,-0.14,-0.2,91.2,7.51,94.2,16.26,-609.7,1.682,1.186,1.161
8/15/2020,10:40:34 AM,Pond C,,0.00000 °,0.00000 °,736.2,379.7,378.8,0.18,378.7,246,77.2,-2.8,-2.8,0.87,3.7,-0.13,-0.2,91.2,7.51,94.1,16.26,-609.7,1.673,1.18,1.166
8/15/2020,10:40:34 AM,Pond C,,0.00000 °,0.00000 °,736.2,379.8,379,0.18,378.9,246,77.2,-2.8,-2.8,2.41,9.81,-0.13,-0.19,91.1,7.51,94.1,16.26,-609.7,1.701,1.199,1.175
8/15/2020,10:42:41 AM,Pond D,,0.00000 °,0.00000 °,736.3,387.9,385.3,0.18,385.1,250,77.6,-2.9,-2.9,0.41,1.88,-0.26,-0.28,92.9,7.62,95.9,16.25,-609.7,0,0,0.002
8/15/2020,10:42:41 AM,Pond D,,0.00000 °,0.00000 °,736.4,387.9,385.3,0.18,385.1,250,77.6,-2.9,-2.9,0.4,1.85,-0.26,-0.28,92.8,7.62,95.8,16.25,-609.7,0.001,0.001,0.002
8/15/2020,10:42:41 AM,Pond D,,0.00000 °,0.00000 °,736.4,387.9,385.3,0.18,385.1,250,77.6,-2.9,-2.9,0.39,1.84,-0.25,-0.27,92.8,7.62,95.8,16.25,-609.7,0.001,0.001,0.002
8/15/2020,10:42:41 AM,Pond D,,0.00000 °,0.00000 °,736.4,387.9,385.3,0.18,385.1,250,77.6,-2.9,-2.9,0.39,1.82,-0.25,-0.27,92.8,7.61,95.8,16.25,-609.7,0.002,0.001,0.002
8/15/2020,10:42:42 AM,Pond D,,0.00000 °,0.00000 °,736.4,387.8,385.3,0.18,385,250,77.6,-2.9,-2.9,0.4,1.84,-0.25,-0.27,92.8,7.61,95.8,16.25,-609.7,0.002,0.001,0
8/15/2020,10:42:42 AM,Pond D,,0.00000 °,0.00000 °,736.4,387.8,385.3,0.18,385,250,77.6,-2.9,-2.9,0.4,1.85,-0.25,-0.27,92.8,7.61,95.8,16.25,-609.7,0.002,0.001,0.001
8/15/2020,10:42:42 AM,Pond D,,0.00000 °,0.00000 °,736.4,387.8,385.2,0.18,384.9,250,77.6,-2.9,-2.9,0.4,1.87,-0.25,-0.28,92.8,7.61,95.8,16.25,-609.7,0.001,0.001,0
8/15/2020,10:42:42 AM,Pond D,,0.00000 °,0.00000 °,736.4,387.8,385.2,0.18,384.9,250,77.6,-2.9,-2.9,0.4,1.87,-0.25,-0.28,92.8,7.61,95.8,16.25,-609.7,0.001,0.001,0
8/15/2020,10:42:43 AM,Pond D,,0.00000 °,0.00000 °,736.4,387.6,385.1,0.18,384.8,250,77.6,-2.9,-2.9,0.41,1.91,-0.25,-0.27,92.8,7.61,95.8,16.25,-609.7,0.001,0.001,0
8/15/2020,10:42:43 AM,Pond D,,0.00000 °,0.00000 °,736.4,387.5,385,0.18,384.7,250,77.6,-2.9,-2.9,0.41,1.92,-0.25,-0.28,92.8,7.61,95.8,16.25,-609.7,0.001,0.001,0.001
8/15/2020,10:42:43 AM,Pond D,,0.00000 °,0.00000 °,736.4,387.4,384.9,0.18,384.6,250,77.6,-2.9,-2.9,0.42,1.94,-0.25,-0.27,92.8,7.61,95.7,16.25,-609.7,0.002,0.001,0.002
8/15/2020,10:42:43 AM,Pond D,,0.00000 °,0.00000 °,736.4,387.4,384.9,0.18,384.6,250,77.6,-2.9,-2.9,0.42,1.96,-0.25,-0.27,92.8,7.61,95.7,16.25,-609.7,0.001,0.001,0
8/15/2020,10:42:44 AM,Pond D,,0.00000 °,0.00000 °,736.4,387.2,384.6,0.18,384.4,250,77.6,-2.9,-2.9,0.43,1.96,-0.25,-0.27,92.8,7.61,95.7,16.25,-609.7,0.001,0.001,0
8/15/2020,10:42:44 AM,Pond D,,0.00000 °,0.00000 °,736.4,387.1,384.6,0.18,384.3,250,77.6,-2.9,-2.9,0.42,1.95,-0.25,-0.27,92.8,7.61,95.7,16.25,-609.7,0.001,0.001,0.001
8/15/2020,10:42:44 AM,Pond D,,0.00000 °,0.00000 °,736.4,387,384.5,0.18,384.2,250,77.6,-2.9,-2.9,0.43,1.97,-0.25,-0.27,92.7,7.61,95.7,16.25,-609.7,0.001,0.001,-0.001
8/15/2020,10:42:44 AM,Pond D,,0.00000 °,0.00000 °,736.4,386.9,384.4,0.18,384.1,250,77.6,-2.9,-2.9,0.43,1.99,-0.25,-0.27,92.7,7.61,95.7,16.25,-609.7,0.001,0.001,0
8/15/2020,10:42:45 AM,Pond D,,0.00000 °,0.00000 °,736.4,386.9,384.3,0.18,384,250,77.6,-2.9,-2.9,0.43,1.99,-0.25,-0.27,92.7,7.61,95.7,16.25,-609.7,0.001,0.001,0.001
8/15/2020,10:42:45 AM,Pond D,,0.00000 °,0.00000 °,736.4,386.8,384.2,0.18,383.9,250,77.6,-2.9,-2.9,0.44,2.02,-0.26,-0.28,92.7,7.6,95.7,16.25,-609.7,0.001,0.001,0
8/15/2020,10:42:45 AM,Pond D,,0.00000 °,0.00000 °,736.4,386.7,384.1,0.18,383.8,250,77.6,-2.9,-2.9,0.44,2.02,-0.26,-0.28,92.7,7.6,95.7,16.25,-609.7,0.001,0.001,0
8/15/2020,10:42:45 AM,Pond D,,0.00000 °,0.00000 °,736.4,386.6,384,0.18,383.8,250,77.6,-2.9,-2.9,0.44,2.04,-0.25,-0.28,92.7,7.6,95.7,16.25,-609.7,0.001,0.001,0.004
8/15/2020,10:42:46 AM,Pond D,,0.00000 °,0.00000 °,736.4,386.5,383.9,0.18,383.7,250,77.6,-2.9,-2.9,0.46,2.09,-0.25,-0.28,92.7,7.6,95.7,16.25,-609.7,0.002,0.001,0.01
8/15/2020,10:42:46 AM,Pond D,,0.00000 °,0.00000 °,736.4,386.4,383.9,0.18,383.6,250,77.6,-2.9,-2.9,0.46,2.12,-0.26,-0.28,92.7,7.6,95.6,16.25,-609.7,0.002,0.001,0.021
8/15/2020,10:42:46 AM,Pond D,,0.00000 °,0.00000 °,736.4,386.3,383.8,0.18,383.5,249,77.6,-2.9,-2.9,0.46,2.12,-0.25,-0.27,92.7,7.6,95.6,16.25,-609.7,0.005,0.003,0.051
8/15/2020,10:42:46 AM,Pond D,,0.00000 °,0.00000 °,736.4,386.3,383.8,0.18,383.5,249,77.6,-2.9,-2.9,0.46,2.12,-0.25,-0.27,92.6,7.6,95.6,16.25,-609.7,0.008,0.005,0.066
8/15/2020,10:42:47 AM,Pond D,,0.00000 °,0.00000 °,736.4,386.2,383.7,0.18,383.4,249,77.6,-2.9,-2.9,0.48,2.16,-0.25,-0.27,92.6,7.6,95.6,16.25,-609.7,0.011,0.008,0.079
8/15/2020,10:42:47 AM,Pond D,,0.00000 °,0.00000 °,736.3,386.1,383.6,0.18,383.3,249,77.6,-2.9,-2.9,0.49,2.23,-0.25,-0.27,92.6,7.6,95.6,16.25,-609.7,0.018,0.013,0.108
8/15/2020,10:42:47 AM,Pond D,,0.00000 °,0.00000 °,736.3,386.1,383.5,0.18,383.3,249,77.6,-2.9,-2.9,0.49,2.23,-0.25,-0.27,92.6,7.6,95.6,16.25,-609.7,0.022,0.016,0.124
8/15/2020,10:42:47 AM,Pond D,,0.00000 °,0.00000 °,736.3,386,383.5,0.18,383.2,249,77.6,-2.9,-2.9,0.5,2.28,-0.25,-0.27,92.6,7.59,95.6,16.25,-609.7,0.027,0.019,0.136
8/15/2020,10:42:48 AM,Pond D,,0.00000 °,0.00000 °,736.3,385.9,383.4,0.18,383.2,249,77.6,-2.9,-2.9,0.52,2.34,-0.25,-0.27,92.6,7.59,95.6,16.25,-609.7,0.032,0.022,0.151
8/15/2020,10:42:48 AM,Pond D,,0.00000 °,0.00000 °,736.3,385.8,383.4,0.18,383.1,249,77.6,-2.9,-2.9,0.53,2.39,-0.24,-0.27,92.6,7.59,95.5,16.25,-609.7,0.042,0.03,0.178
8/15/2020,10:42:48 AM,Pond D,,0.00000 °,0.00000 °,736.3,385.8,383.3,0.18,383,249,77.6,-2.9,-2.9,0.54,2.44,-0.24,-0.26,92.5,7.59,95.5,16.25,-609.7,0.047,0.033,0.191
8/15/2020,10:42:48 AM,Pond D,,0.00000 °,0.00000 °,736.3,385.7,383.2,0.18,383,249,77.6,-2.9,-2.9,0.54,2.44,-0.24,-0.26,92.5,7.59,95.5,16.25,-609.7,0.053,0.037,0.204
8/15/2020,10:42:49 AM,Pond D,,0.00000 °,0.00000 °,736.3,385.6,383.2,0.18,382.9,249,77.6,-2.9,-2.9,0.57,2.52,-0.23,-0.26,92.5,7.59,95.5,16.25,-609.7,0.065,0.046,0.236
8/15/2020,10:42:49 AM,Pond D,,0.00000 °,0.00000 °,736.3,385.5,383.1,0.18,382.8,249,77.6,-2.9,-2.9,0.58,2.57,-0.23,-0.26,92.5,7.59,95.5,16.25,-609.7,0.071,0.05,0.255
8/15/2020,10:42:49 AM,Pond D,,0.00000 °,0.00000 °,736.3,385.3,382.9,0.18,382.7,249,77.6,-2.9,-2.9,0.59,2.62,-0.22,-0.25,92.5,7.59,95.4,16.25,-609.7,0.078,0.055,0.27
8/15/2020,10:42:49 AM,Pond D,,0.00000 °,0.00000 °,736.3,385.2,382.8,0.18,382.6,249,77.6,-2.9,-2.9,0.63,2.76,-0.21,-0.25,92.4,7.58,95.4,16.25,-609.7,0.092,0.065,0.306
8/15/2020,10:42:50 AM,Pond D,,0.00000 °,0.00000 °,736.3,385,382.7,0.18,382.5,249,77.6,-2.9,-2.9,0.63,2.76,-0.21,-0.25,92.4,7.58,95.4,16.25,-609.7,0.099,0.07,0.324
8/15/2020,10:42:50 AM,Pond D,,0.00000 °,0.00000 °,736.3,384.9,382.6,0.18,382.4,249,77.6,-2.9,-2.9,0.68,2.99,-0.2,-0.24,92.4,7.58,95.3,16.25,-609.7,0.106,0.075,0.34
8/15/2020,10:42:50 AM,Pond D,,0.00000 °,0.00000 °,736.3,384.7,382.5,0.18,382.2,249,77.6,-2.9,-2.9,0.68,2.99,-0.2,-0.24,92.3,7.58,95.3,16.25,-609.7,0.114,0.08,0.363
8/15/2020,10:42:50 AM,Pond D,,0.00000 °,0.00000 °,736.3,384.5,382.3,0.18,382.1,249,77.5,-2.9,-2.9,0.72,3.13,-0.19,-0.24,92.3,7.58,95.3,16.25,-609.7,0.13,0.092,0.412
8/15/2020,10:42:51 AM,Pond D,,0.00000 °,0.00000 °,736.3,384.5,382.3,0.18,382.1,249,77.5,-2.9,-2.9,0.78,3.35,-0.19,-0.23,92.3,7.57,95.2,16.25,-609.7,0.139,0.098,0.431
8/15/2020,10:42:51 AM,Pond D,,0.00000 °,0.00000 °,736.2,384.3,382.2,0.18,381.9,248,77.5,-2.9,-2.9,0.83,3.57,-0.19,-0.23,92.2,7.57,95.2,16.25,-609.7,0.158,0.111,0.478
8/15/2020,10:42:51 AM,Pond D,,0.00000 °,0.00000 °,736.2,384.1,382,0.18,381.8,248,77.5,-2.9,-2.9,0.86,3.68,-0.18,-0.23,92.2,7.57,95.2,16.25,-609.7,0.167,0.118,0.505
8/15/2020,10:42:51 AM,Pond D,,0.00000 °,0.00000 °,736.2,383.9,381.9,0.18,381.7,248,77.5,-2.9,-2.9,0.91,3.87,-0.18,-0.23,92.2,7.57,95.1,16.25,-609.7,0.177,0.125,0.527
8/15/2020,10:42:52 AM,Pond D,,0.00000 °,0.00000 °,736.2,383.7,381.8,0.18,381.6,248,77.5,-2.9,-2.9,0.93,3.96,-0.18,-0.23,92.1,7.57,95.1,16.25,-609.7,0.187,0.132,0.55
8/15/2020,10:42:52 AM,Pond D,,0.00000 °,0.00000 °,736.3,383.6,381.7,0.18,381.5,248,77.4,-2.9,-2.9,0.96,4.06,-0.17,-0.22,92.1,7.56,95.1,16.25,-609.7,0.208,0.146,0.592
8/15/2020,10:42:52 AM,Pond D,,0.00000 °,0.00000 °,736.3,383.4,381.6,0.18,381.4,248,77.4,-2.9,-2.9,0.99,4.18,-0.16,-0.22,92.1,7.56,95,16.25,-609.7,0.218,0.154,0.613
8/15/2020,10:42:52 AM,Pond D,,0.00000 °,0.00000 °,736.3,383.2,381.5,0.18,381.3,248,77.4,-2.9,-2.9,3.8,15.29,-0.16,-0.21,92,7.56,95,16.25,-609.7,0.229,0.161,0.636
8/15/2020,10:42:53 AM,Pond D,,0.00000 °,0.00000 °,736.3,383,381.4,0.18,381.2,248,77.4,-2.9,-2.9,3.8,15.29,-0.16,-0.21,92,7.56,94.9,16.25,-609.7,0.25,0.176,0.683
8/15/2020,10:42:53 AM,Pond D,,0.00000 °,0.00000 °,736.3,382.9,381.3,0.18,381.2,248,77.4,-2.9,-2.9,1.87,7.68,-0.15,-0.21,91.9,7.56,94.9,16.26,-609.7,0.262,0.184,0.705
8/15/2020,10:42:53 AM,Pond D,,0.00000 °,0.00000 °,736.3,382.8,381.2,0.18,381.1,248,77.4,-2.9,-2.9,1.61,6.63,-0.14,-0.2,91.9,7.55,94.9,16.26,-609.7,0.273,0.192,0.723
8/15/2020,10:42:53 AM,Pond D,,0.00000 °,0.00000 °,736.3,382.6,381.1,0.18,381,248,77.4,-2.9,-2.9,2.81,11.37,-0.14,-0.2,91.9,7.55,94.8,16.26,-609.7,0.284,0.2,0.741
8/15/2020,10:42:54 AM,Pond D,,0.00000 °,0.00000 °,736.3,382.4,381,0.18,380.9,248,77.3,-2.9,-2.9,2.81,11.37,-0.14,-0.2,91.8,7.55,94.8,16.26,-609.7,0.307,0.216,0.783
8/15/2020,10:42:54 AM,Pond D,,0.00000 °,0.00000 °,736.4,382.3,380.9,0.18,380.8,248,77.3,-2.9,-2.9,5.71,22.82,-0.12,-0.19,91.8,7.55,94.7,16.26,-609.7,0.318,0.224,0.8
8/15/2020,10:42:54 AM,Pond D,,0.00000 °,0.00000 °,736.4,382.1,380.8,0.18,380.7,248,77.3,-2.9,-2.9,2.48,10.08,-0.1,-0.18,91.7,7.54,94.7,16.26,-609.7,0.33,0.233,0.82
8/15/2020,10:42:54 AM,Pond D,,0.00000 °,0.00000 °,736.4,381.9,380.7,0.18,380.6,247,77.3,-2.9,-2.9,3.26,13.15,-0.1,-0.17,91.7,7.54,94.6,16.26,-609.7,0.353,0.249,0.849
8/15/2020,10:42:55 AM,Pond D,,0.00000 °,0.00000 °,736.4,381.8,380.6,0.18,380.5,247,77.3,-2.9,-2.9,3.26,13.15,-0.1,-0.17,91.7,7.54,94.6,16.26,-609.7,0.364,0.257,0.858
8/15/2020,10:42:55 AM,Pond D,,0.00000 °,0.00000 °,736.3,381.7,380.6,0.18,380.5,247,77.3,-2.9,-2.9,4.36,17.51,-0.07,-0.16,91.6,7.54,94.6,16.26,-609.7,0.375,0.265,0.867
8/15/2020,10:42:55 AM,Pond D,,0.00000 °,0.00000 °,736.3,381.6,380.5,0.18,380.4,247,77.3,-2.9,-2.9,2.13,8.7,-0.05,-0.14,91.5,7.53,94.5,16.26,-609.7,0.397,0.28,0.883
8/15/2020,10:42:55 AM,Pond D,,0.00000 °,0.00000 °,736.3,381.5,380.5,0.18,380.4,247,77.3,-2.9,-2.8,2.22,9.06,-0.04,-0.14,91.5,7.53,94.5,16.26,-609.7,0.408,0.288,0.89
8/15/2020,10:42:56 AM,Pond D,,0.00000 °,0.00000 °,736.3,381.4,380.4,0.18,380.3,247,77.2,-2.8,-2.8,4.52,18.12,-0.03,-0.13,91.5,7.53,94.4,16.26,-609.7,0.419,0.295,0.894
8/15/2020,10:42:56 AM,Pond D,,0.00000 °,0.00000 °,736.4,381.3,380.4,0.18,380.3,247,77.2,-2.8,-2.8,4.52,18.12,-0.01,-0.12,91.4,7.53,94.3,16.26,-609.7,0.439,0.31,0.905
8/15/2020,10:45:28 AM,Pond E,,0.00000 °,0.00000 °,736.4,336.4,337.8,0.16,338,220,76.6,-2.8,-2.8,0.26,1.32,-0.22,-0.25,89.5,7.42,92.4,16.27,-609.7,0.002,0.001,0.001
8/15/2020,10:45:28 AM,Pond E,,0.00000 °,0.00000 °,736.4,331.2,332.6,0.16,332.7,216,76.6,-2.8,-2.8,0.27,1.34,-0.22,-0.25,89.5,7.42,92.3,16.27,-609.7,0.002,0.001,0.001
8/15/2020,10:45:28 AM,Pond E,,0.00000 °,0.00000 °,736.4,285.1,286.3,0.14,286.4,186,76.6,-2.8,-2.8,0.27,1.36,-0.22,-0.26,89.5,7.42,92.3,16.27,-609.7,0.002,0.001,0
8/15/2020,10:45:28 AM,Pond E,,0.00000 °,0.00000 °,736.4,242.1,243.1,0.11,243.2,158,76.6,-2.8,-2.8,0.28,1.39,-0.22,-0.25,89.4,7.41,92.3,16.27,-609.7,0.001,0.001,0
8/15/2020,10:45:29 AM,Pond E,,0.00000 °,0.00000 °,736.4,292.4,293.6,0.14,293.7,191,76.6,-2.8,-2.8,0.28,1.39,-0.23,-0.26,89.4,7.41,92.3,16.27,-609.7,0.001,0.001,-0.001
8/15/2020,10:45:29 AM,Pond E,,0.00000 °,0.00000 °,736.4,320.4,321.8,0.15,321.9,209,76.6,-2.8,-2.8,0.29,1.41,-0.21,-0.25,89.4,7.41,92.3,16.27,-609.7,0.001,0.001,0.001
8/15/2020,10:45:29 AM,Pond E,,0.00000 °,0.00000 °,736.4,320.4,321.8,0.15,321.9,209,76.6,-2.8,-2.8,0.29,1.44,-0.21,-0.25,89.4,7.41,92.2,16.27,-609.7,0.001,0.001,-0.001
8/15/2020,10:45:29 AM,Pond E,,0.00000 °,0.00000 °,736.4,324.9,326.2,0.15,326.3,212,76.6,-2.8,-2.8,0.3,1.45,-0.22,-0.25,89.4,7.41,92.2,16.27,-609.7,0.001,0.001,0
8/15/2020,10:45:30 AM,Pond E,,0.00000 °,0.00000 °,736.4,330.2,331.6,0.16,331.7,216,76.6,-2.8,-2.8,0.3,1.48,-0.22,-0.25,89.3,7.41,92.2,16.27,-609.7,0.001,0.001,0.002
8/15/2020,10:45:30 AM,Pond E,,0.00000 °,0.00000 °,736.4,334.5,335.9,0.16,336,218,76.6,-2.8,-2.8,0.31,1.5,-0.22,-0.25,89.3,7.4,92.2,16.27,-609.7,0.001,0.001,0
8/15/2020,10:45:30 AM,Pond E,,0.00000 °,0.00000 °,736.4,336.1,337.4,0.16,337.6,219,76.6,-2.8,-2.8,0.31,1.5,-0.22,-0.25,89.3,7.4,92.2,16.27,-609.7,0.001,0.001,0
8/15/2020,10:45:30 AM,Pond E,,0.00000 °,0.00000 °,736.4,338.7,340.1,0.16,340.2,221,76.6,-2.8,-2.8,0.31,1.52,-0.23,-0.26,89.3,7.4,92.2,16.27,-609.7,0.001,0.001,0.002
8/15/2020,10:45:31 AM,Pond E,,0.00000 °,0.00000 °,736.4,340.4,341.8,0.16,341.9,222,76.6,-2.8,-2.8,0.32,1.53,-0.22,-0.26,89.3,7.4,92.1,16.27,-609.7,0.001,0.001,0.002
8/15/2020,10:45:31 AM,Pond E,,0.00000 °,0.00000 °,736.4,341.5,342.9,0.16,343,223,76.6,-2.8,-2.8,0.32,1.55,-0.22,-0.25,89.2,7.4,92.1,16.27,-609.7,0.001,0.001,0.002
8/15/2020,10:45:31 AM,Pond E,,0.00000 °,0.00000 °,736.4,342.1,343.5,0.16,343.7,223,76.6,-2.8,-2.8,0.32,1.54,-0.22,-0.25,89.2,7.4,92.1,16.27,-609.7,0.001,0.001,0.001
8/15/2020,10:45:31 AM,Pond E,,0.00000 °,0.00000 °,736.4,342.5,344,0.16,344.1,224,76.6,-2.8,-2.8,0.32,1.55,-0.22,-0.26,89.2,7.39,92.1,16.27,-609.7,0.001,0.001,0.003
8/15/2020,10:45:32 AM,Pond E,,0.00000 °,0.00000 °,736.4,342.8,344.2,0.16,344.4,224,76.6,-2.8,-2.8,0.32,1.54,-0.23,-0.26,89.2,7.39,92,16.27,-609.7,0.001,0.001,0.001
8/15/2020,10:45:32 AM,Pond E,,0.00000 °,0.00000 °,736.4,343,344.4,0.16,344.5,224,76.6,-2.8,-2.8,0.32,1.55,-0.23,-0.26,89.2,7.39,92,16.27,-609.7,0.001,0.001,0.001
8/15/2020,10:45:32 AM,Pond E,,0.00000 °,0.00000 °,736.4,343,344.5,0.16,344.6,224,76.6,-2.8,-2.8,0.31,1.52,-0.24,-0.27,89.1,7.39,92,16.27,-609.7,0.001,0.001,0.003
8/15/2020,10:45:32 AM,Pond E,,0.00000 °,0.00000 °,736.4,343.1,344.6,0.16,344.7,224,76.6,-2.8,-2.8,0.31,1.52,-0.25,-0.27,89.1,7.39,92,16.27,-609.7,0.001,0.001,0
8/15/2020,10:45:33 AM,Pond E,,0.00000 °,0.00000 °,736.4,343.2,344.7,0.16,344.8,224,76.6,-2.8,-2.8,0.31,1.52,-0.25,-0.27,89.1,7.39,92,16.27,-609.7,0.001,0.001,0
8/15/2020,10:45:33 AM,Pond E,,0.00000 °,0.00000 °,736.4,343.3,344.8,0.16,344.9,224,76.6,-2.8,-2.8,0.31,1.52,-0.25,-0.27,89.1,7.38,91.9,16.27,-609.7,0.001,0.001,0.002
8/15/2020,10:45:33 AM,Pond E,,0.00000 °,0.00000 °,736.4,343.3,344.8,0.16,345,224,76.6,-2.8,-2.8,0.31,1.53,-0.25,-0.27,89.1,7.38,91.9,16.27,-609.7,0.001,0.001,-0.001
8/15/2020,10:45:33 AM,Pond E,,0.00000 °,0.00000 °,736.4,343.4,344.9,0.16,345.1,224,76.6,-2.8,-2.8,0.32,1.55,-0.25,-0.28,89,7.38,91.9,16.27,-609.7,0.001,0.001,0
8/15/2020,10:45:34 AM,Pond E,,0.00000 °,0.00000 °,736.4,343.4,345,0.16,345.1,224,76.6,-2.8,-2.8,0.32,1.57,-0.25,-0.28,89,7.38,91.8,16.27,-609.7,0.001,0.001,0.008
8/15/2020,10:45:34 AM,Pond E,,0.00000 °,0.00000 °,736.4,343.5,345,0.16,345.2,224,76.6,-2.8,-2.8,0.33,1.59,-0.25,-0.27,89,7.38,91.8,16.27,-609.7,0.002,0.001,0.014
8/15/2020,10:45:34 AM,Pond E,,0.00000 °,0.00000 °,736.4,343.5,345,0.16,345.2,224,76.6,-2.8,-2.8,0.33,1.6,-0.26,-0.28,89,7.38,91.8,16.27,-609.7,0.002,0.002,0.021
8/15/2020,10:45:34 AM,Pond E,,0.00000 °,0.00000 °,736.3,343.5,345,0.16,345.2,224,76.6,-2.8,-2.8,0.34,1.62,-0.26,-0.28,88.9,7.37,91.8,16.27,-609.7,0.004,0.003,0.042
8/15/2020,10:45:35 AM,Pond E,,0.00000 °,0.00000 °,736.3,343.5,345,0.16,345.2,224,76.6,-2.8,-2.8,0.33,1.6,-0.26,-0.28,88.9,7.37,91.8,16.27,-609.7,0.006,0.004,0.053
8/15/2020,10:45:35 AM,Pond E,,0.00000 °,0.00000 °,736.3,343.5,345,0.16,345.2,224,76.6,-2.8,-2.8,0.34,1.61,-0.26,-0.28,88.9,7.37,91.7,16.27,-609.7,0.008,0.006,0.06
8/15/2020,10:45:35 AM,Pond E,,0.00000 °,0.00000 °,736.3,343.4,345.1,0.16,345.2,224,76.6,-2.8,-2.8,0.34,1.62,-0.26,-0.28,88.9,7.37,91.7,16.27,-609.7,0.012,0.009,0.076
8/15/2020,10:45:35 AM,Pond E,,0.00000 °,0.00000 °,736.3,343.4,345.1,0.16,345.2,224,76.5,-2.8,-2.8,0.34,1.64,-0.26,-0.28,88.8,7.37,91.7,16.27,-609.7,0.015,0.01,0.082
8/15/2020,10:45:36 AM,Pond E,,0.00000 °,0.00000 °,736.3,343.4,345.1,0.16,345.3,224,76.5,-2.8,-2.8,0.35,1.65,-0.26,-0.28,88.8,7.36,91.7,16.27,-609.7,0.017,0.012,0.086
8/15/2020,10:45:36 AM,Pond E,,0.00000 °,0.00000 °,736.3,343.4,345.1,0.16,345.3,224,76.5,-2.8,-2.8,0.35,1.66,-0.26,-0.28,88.8,7.36,91.6,16.27,-609.7,0.022,0.015,0.105
8/15/2020,10:45:36 AM,Pond E,,0.00000 °,0.00000 °,736.3,343.4,345.1,0.16,345.3,224,76.5,-2.8,-2.8,0.35,1.68,-0.26,-0.28,88.7,7.36,91.6,16.27,-609.7,0.025,0.017,0.112
8/15/2020,10:45:36 AM,Pond E,,0.00000 °,0.00000 °,736.3,343.4,345.1,0.16,345.3,224,76.5,-2.8,-2.8,0.36,1.7,-0.26,-0.28,88.7,7.36,91.5,16.27,-609.7,0.027,0.019,0.114
8/15/2020,10:45:37 AM,Pond E,,0.00000 °,0.00000 °,736.3,343.4,345.2,0.16,345.3,224,76.5,-2.8,-2.8,0.36,1.72,-0.26,-0.28,88.6,7.35,91.5,16.27,-609.7,0.03,0.021,0.122
8/15/2020,10:45:37 AM,Pond E,,0.00000 °,0.00000 °,736.3,343.4,345.2,0.16,345.3,224,76.5,-2.8,-2.8,0.37,1.74,-0.27,-0.28,88.6,7.35,91.4,16.27,-609.7,0.036,0.025,0.143
8/15/2020,10:45:37 AM,Pond E,,0.00000 °,0.00000 °,736.3,343.3,345.2,0.16,345.3,224,76.5,-2.8,-2.8,0.37,1.75,-0.27,-0.29,88.5,7.35,91.4,16.27,-609.7,0.039,0.027,0.154
8/15/2020,10:45:37 AM,Pond E,,0.00000 °,0.00000 °,736.4,343.3,345.2,0.16,345.3,224,76.5,-2.8,-2.8,0.37,1.74,-0.27,-0.29,88.5,7.34,91.3,16.27,-609.7,0.042,0.03,0.162
8/15/2020,10:45:38 AM,Pond E,,0.00000 °,0.00000 °,736.4,343.2,345.2,0.16,345.4,224,76.5,-2.8,-2.8,0.37,1.76,-0.27,-0.29,88.4,7.34,91.3,16.27,-609.7,0.049,0.035,0.179
8/15/2020,10:45:38 AM,Pond E,,0.00000 °,0.00000 °,736.4,343.2,345.2,0.16,345.4,224,76.5,-2.8,-2.8,0.38,1.77,-0.27,-0.29,88.4,7.33,91.2,16.27,-609.7,0.053,0.037,0.191
8/15/2020,10:45:38 AM,Pond E,,0.00000 °,0.00000 °,736.4,343.2,345.2,0.16,345.4,224,76.5,-2.8,-2.8,0.38,1.79,-0.27,-0.29,88.3,7.33,91.2,16.27,-609.7,0.057,0.04,0.201
8/15/2020,10:45:38 AM,Pond E,,0.00000 °,0.00000 °,736.3,343.2,345.2,0.16,345.4,224,76.4,-2.8,-2.8,0.39,1.83,-0.27,-0.29,88.3,7.33,91.1,16.27,-609.7,0.065,0.046,0.214
8/15/2020,10:45:39 AM,Pond E,,0.00000 °,0.00000 °,736.3,343.1,345.2,0.16,345.4,224,76.4,-2.8,-2.8,0.39,1.83,-0.27,-0.29,88.2,7.33,91.1,16.27,-609.7,0.069,0.048,0.22
8/15/2020,10:45:39 AM,Pond E,,0.00000 °,0.00000 °,736.3,343.1,345.2,0.16,345.4,224,76.4,-2.7,-2.7,0.39,1.82,-0.27,-0.29,88.2,7.32,91,16.27,-609.7,0.073,0.051,0.224
8/15/2020,10:45:39 AM,Pond E,,0.00000 °,0.00000 °,736.3,343.1,345.2,0.16,345.5,224,76.4,-2.7,-2.7,0.39,1.84,-0.27,-0.29,88.1,7.32,91,16.27,-609.7,0.08,0.056,0.242
8/15/2020,10:45:39 AM,Pond E,,0.00000 °,0.00000 °,736.3,343,345.2,0.16,345.5,224,76.4,-2.7,-2.7,0.39,1.84,-0.28,-0.29,88.1,7.32,90.9,16.27,-609.7,0.084,0.059,0.254
8/15/2020,10:45:40 AM,Pond E,,0.00000 °,0.00000 °,736.3,343,345.2,0.16,345.5,224,76.4,-2.7,-2.7,0.39,1.83,-0.28,-0.29,88,7.31,90.9,16.27,-609.7,0.088,0.062,0.264
8/15/2020,10:45:40 AM,Pond E,,0.00000 °,0.00000 °,736.3,342.9,345.3,0.16,345.5,224,76.4,-2.7,-2.7,0.39,1.83,-0.28,-0.29,88,7.31,90.8,16.27,-609.7,0.093,0.065,0.274
8/15/2020,10:45:40 AM,Pond E,,0.00000 °,0.00000 °,736.3,342.9,345.3,0.16,345.5,224,76.4,-2.7,-2.7,0.39,1.84,-0.28,-0.29,87.9,7.31,90.8,16.27,-609.7,0.101,0.072,0.297
8/15/2020,10:45:40 AM,Pond E,,0.00000 °,0.00000 °,736.4,342.9,345.3,0.16,345.5,224,76.3,-2.7,-2.7,0.39,1.84,-0.28,-0.29,87.9,7.3,90.7,16.27,-609.7,0.106,0.075,0.307
8/15/2020,10:45:41 AM,Pond E,,0.00000 °,0.00000 °,736.4,342.8,345.3,0.16,345.5,224,76.3,-2.7,-2.7,0.39,1.82,-0.28,-0.29,87.8,7.3,90.6,16.27,-609.7,0.111,0.078,0.316
8/15/2020,10:45:41 AM,Pond E,,0.00000 °,0.00000 °,736.4,342.8,345.3,0.16,345.5,224,76.3,-2.7,-2.7,0.39,1.83,-0.28,-0.29,87.8,7.29,90.6,16.27,-609.7,0.12,0.085,0.332
8/15/2020,10:45:41 AM,Pond E,,0.00000 °,0.00000 °,736.4,342.7,345.3,0.16,345.6,224,76.3,-2.7,-2.7,0.39,1.83,-0.28,-0.29,87.7,7.29,90.5,16.27,-609.7,0.125,0.088,0.342
8/15/2020,10:45:41 AM,Pond E,,0.00000 °,0.00000 °,736.4,342.7,345.3,0.16,345.6,224,76.3,-2.7,-2.7,0.39,1.84,-0.27,-0.29,87.6,7.29,90.4,16.27,-609.7,0.13,0.091,0.349
8/15/2020,10:45:42 AM,Pond E,,0.00000 °,0.00000 °,736.4,342.7,345.4,0.16,345.6,224,76.3,-2.7,-2.7,0.39,1.82,-0.27,-0.29,87.6,7.28,90.4,16.28,-609.7,0.139,0.098,0.363
8/15/2020,10:45:42 AM,Pond E,,0.00000 °,0.00000 °,736.4,342.6,345.4,0.16,345.7,225,76.2,-2.7,-2.7,0.39,1.83,-0.28,-0.29,87.5,7.28,90.4,16.28,-609.7,0.144,0.101,0.368
8/15/2020,10:45:42 AM,Pond E,,0.00000 °,0.00000 °,736.4,342.6,345.5,0.16,345.7,225,76.2,-2.7,-2.7,0.39,1.84,-0.28,-0.29,87.5,7.28,90.3,16.28,-609.7,0.148,0.105,0.368
8/15/2020,10:45:42 AM,Pond E,,0.00000 °,0.00000 °,736.4,342.7,345.5,0.16,345.8,225,76.2,-2.7,-2.7,0.4,1.87,-0.28,-0.29,87.4,7.28,90.2,16.28,-609.7,0.153,0.108,0.371
8/15/2020,10:45:43 AM,Pond E,,0.00000 °,0.00000 °,736.4,342.7,345.6,0.16,345.9,225,76.2,-2.7,-2.7,0.41,1.89,-0.29,-0.3,87.4,7.27,90.2,16.28,-609.7,0.162,0.114,0.381
8/15/2020,10:45:43 AM,Pond E,,0.00000 °,0.00000 °,736.4,342.7,345.7,0.16,346,225,76.2,-2.7,-2.7,0.41,1.9,-0.28,-0.29,87.3,7.27,90.1,16.28,-609.7,0.166,0.117,0.387
8/15/2020,10:45:43 AM,Pond E,,0.00000 °,0.00000 °,736.4,342.7,345.7,0.16,346.1,225,76.2,-2.7,-2.7,0.41,1.9,-0.28,-0.29,87.3,7.26,90.1,16.28,-609.7,0.171,0.12,0.395
8/15/2020,10:45:43 AM,Pond E,,0.00000 °,0.00000 °,736.4,342.6,345.7,0.16,346.1,225,76.1,-2.7,-2.7,0.41,1.9,-0.28,-0.29,87.2,7.26,90,16.28,-609.7,0.18,0.127,0.414
8/15/2020,10:45:44 AM,Pond E,,0.00000 °,0.00000 °,736.4,342.5,345.7,0.16,346.1,225,76.1,-2.7,-2.7,0.42,1.95,-0.28,-0.29,87.1,7.26,89.9,16.28,-609.7,0.184,0.13,0.427
8/15/2020,10:45:44 AM,Pond E,,0.00000 °,0.00000 °,736.4,342.4,345.7,0.16,346.1,225,76.1,-2.7,-2.7,0.43,1.98,-0.29,-0.3,87.1,7.26,89.9,16.28,-609.7,0.189,0.133,0.44
8/15/2020,10:45:44 AM,Pond E,,0.00000 °,0.00000 °,736.4,342.3,345.7,0.16,346.1,225,76.1,-2.7,-2.7,0.44,2.01,-0.29,-0.3,87.1,7.25,89.9,16.28,-609.7,0.199,0.14,0.464
8/15/2020,10:45:44 AM,Pond E,,0.00000 °,0.00000 °,736.4,342.3,345.7,0.16,346.1,225,76.1,-2.7,-2.7,0.44,2,-0.3,-0.3,87,7.25,89.8,16.28,-609.7,0.204,0.144,0.478
8/15/2020,10:45:45 AM,Pond E,,0.00000 °,0.00000 °,736.4,342.2,345.7,0.16,346.1,225,76,-2.7,-2.7,0.45,2.04,-0.3,-0.3,86.9,7.25,89.7,16.28,-609.7,0.209,0.147,0.489
8/15/2020,10:45:45 AM,Pond E,,0.00000 °,0.00000 °,736.4,342.1,345.7,0.16,346.1,225,76,-2.7,-2.7,0.45,2.06,-0.29,-0.3,86.9,7.24,89.7,16.28,-609.7,0.214,0.151,0.5
8/15/2020,10:45:45 AM,Pond E,,0.00000 °,0.00000 °,736.4,342,345.7,0.16,346.1,225,76,-2.7,-2.7,0.46,2.08,-0.29,-0.3,86.8,7.24,89.6,16.28,-609.7,0.225,0.159,0.526
8/15/2020,10:45:45 AM,Pond E,,0.00000 °,0.00000 °,736.3,342,345.7,0.16,346.1,225,76,-2.7,-2.7,0.47,2.13,-0.29,-0.3,86.7,7.23,89.5,16.28,-609.7,0.23,0.162,0.534
8/15/2020,10:45:46 AM,Pond E,,0.00000 °,0.00000 °,736.3,341.9,345.7,0.16,346.1,225,76,-2.7,-2.7,0.5,2.24,-0.28,-0.29,86.7,7.23,89.5,16.28,-609.7,0.236,0.166,0.545
8/15/2020,10:45:46 AM,Pond E,,0.00000 °,0.00000 °,736.3,341.8,345.7,0.16,346.1,225,75.9,-2.7,-2.7,0.51,2.3,-0.28,-0.29,86.6,7.23,89.4,16.28,-609.7,0.247,0.174,0.566
8/15/2020,10:45:46 AM,Pond E,,0.00000 °,0.00000 °,736.3,341.7,345.7,0.16,346.1,225,75.9,-2.7,-2.7,0.53,2.36,-0.27,-0.29,86.6,7.23,89.4,16.28,-609.7,0.252,0.178,0.575
8/15/2020,10:45:46 AM,Pond E,,0.00000 °,0.00000 °,736.4,341.6,345.7,0.16,346.1,225,75.9,-2.7,-2.7,0.54,2.42,-0.27,-0.29,86.5,7.22,89.3,16.28,-609.7,0.258,0.182,0.585
8/15/2020,10:45:47 AM,Pond E,,0.00000 °,0.00000 °,736.4,341.6,345.7,0.16,346.1,225,75.9,-2.7,-2.7,0.57,2.53,-0.27,-0.28,86.5,7.22,89.2,16.28,-609.7,0.269,0.19,0.608
8/15/2020,10:45:47 AM,Pond E,,0.00000 °,0.00000 °,736.4,341.5,345.8,0.16,346.2,225,75.8,-2.7,-2.7,0.59,2.6,-0.27,-0.29,86.4,7.22,89.2,16.28,-609.7,0.275,0.194,0.621
8/15/2020,10:45:47 AM,Pond E,,0.00000 °,0.00000 °,736.4,341.5,345.8,0.16,346.3,225,75.8,-2.7,-2.7,0.61,2.69,-0.27,-0.28,86.4,7.21,89.1,16.28,-609.7,0.28,0.198,0.632
8/15/2020,10:45:47 AM,Pond E,,0.00000 °,0.00000 °,736.4,341.5,345.9,0.16,346.4,225,75.8,-2.7,-2.7,0.63,2.78,-0.26,-0.28,86.3,7.21,89.1,16.28,-609.7,0.292,0.206,0.664
8/15/2020,10:45:48 AM,Pond E,,0.00000 °,0.00000 °,736.4,341.5,346,0.16,346.5,225,75.8,-2.7,-2.7,0.68,2.95,-0.26,-0.28,86.3,7.21,89,16.28,-609.7,0.298,0.21,0.681
8/15/2020,10:45:48 AM,Pond E,,0.00000 °,0.00000 °,736.4,341.5,346.1,0.16,346.6,225,75.7,-2.7,-2.7,0.69,3.02,-0.26,-0.28,86.2,7.21,89,16.28,-609.7,0.304,0.215,0.693
8/15/2020,10:45:48 AM,Pond E,,0.00000 °,0.00000 °,736.4,341.5,346.2,0.16,346.7,225,75.7,-2.7,-2.6,0.72,3.12,-0.26,-0.28,86.1,7.2,88.9,16.28,-609.7,0.317,0.223,0.724
8/15/2020,10:45:48 AM,Pond E,,0.00000 °,0.00000 °,736.4,341.6,346.4,0.16,346.9,225,75.7,-2.6,-2.6,0.74,3.21,-0.25,-0.28,86.1,7.2,88.9,16.28,-609.7,0.323,0.228,0.741
8/15/2020,10:45:49 AM,Pond E,,0.00000 °,0.00000 °,736.4,341.6,346.4,0.16,346.9,225,75.7,-2.6,-2.6,0.79,3.4,-0.25,-0.28,86,7.2,88.8,16.28,-609.7,0.33,0.232,0.752
8/15/2020,10:45:49 AM,Pond E,,0.00000 °,0.00000 °,736.4,341.6,346.6,0.16,347.1,225,75.7,-2.6,-2.6,0.82,3.52,-0.25,-0.27,86,7.19,88.7,16.29,-609.7,0.336,0.237,0.767
8/15/2020,10:45:49 AM,Pond E,,0.00000 °,0.00000 °,736.4,341.7,346.7,0.16,347.2,225,75.6,-2.6,-2.6,0.84,3.61,-0.25,-0.27,85.9,7.19,88.6,16.29,-609.7,0.349,0.246,0.793
8/15/2020,10:45:49 AM,Pond E,,0.00000 °,0.00000 °,736.4,341.7,346.9,0.16,347.4,225,75.6,-2.6,-2.6,0.87,3.72,-0.24,-0.26,85.8,7.18,88.5,16.29,-609.7,0.356,0.251,0.803
8/15/2020,10:45:50 AM,Pond E,,0.00000 °,0.00000 °,736.4,341.8,347,0.17,347.6,226,75.6,-2.6,-2.6,0.93,3.94,-0.23,-0.26,85.7,7.18,88.5,16.29,-609.7,0.362,0.256,0.812
8/15/2020,10:45:50 AM,Pond E,,0.00000 °,0.00000 °,736.4,341.8,347.2,0.17,347.7,226,75.5,-2.6,-2.6,2.01,8.21,-0.23,-0.26,85.7,7.18,88.4,16.29,-609.7,0.376,0.265,0.824
8/15/2020,10:45:50 AM,Pond E,,0.00000 °,0.00000 °,736.4,341.8,347.3,0.17,347.9,226,75.5,-2.6,-2.6,2.02,8.25,-0.23,-0.26,85.6,7.17,88.3,16.29,-609.7,0.382,0.269,0.83
8/15/2020,10:48:19 AM,Pond F,,0.00000 °,0.00000 °,736.4,371.4,370.1,0.18,369.9,241,77.3,-2.9,-2.9,0.34,1.63,-0.38,-0.36,88.5,7.28,91.3,16.26,-609.7,0,0,0
8/15/2020,10:48:19 AM,Pond F,,0.00000 °,0.00000 °,736.4,371.4,370.1,0.18,369.9,241,77.3,-2.9,-2.9,0.34,1.62,-0.37,-0.35,88.4,7.27,91.3,16.26,-609.7,0,0,-0.001
8/15/2020,10:48:19 AM,Pond F,,0.00000 °,0.00000 °,736.4,371.4,370.1,0.18,369.9,241,77.3,-2.9,-2.9,0.34,1.63,-0.37,-0.35,88.4,7.27,91.2,16.26,-609.7,-0.001,0,-0.001
8/15/2020,10:48:19 AM,Pond F,,0.00000 °,0.00000 °,736.4,371.4,370.1,0.18,369.9,241,77.3,-2.9,-2.9,0.34,1.61,-0.38,-0.35,88.4,7.27,91.2,16.26,-609.7,-0.001,-0.001,-0.001
8/15/2020,10:48:20 AM,Pond F,,0.00000 °,0.00000 °,736.4,371.4,370,0.18,369.9,241,77.3,-2.9,-2.9,0.33,1.6,-0.39,-0.36,88.4,7.27,91.2,16.26,-609.7,0,0,0.001
8/15/2020,10:48:20 AM,Pond F,,0.00000 °,0.00000 °,736.4,371.4,370,0.18,369.9,241,77.3,-2.9,-2.9,0.32,1.56,-0.38,-0.36,88.3,7.27,91.2,16.26,-609.7,-0.001,0,-0.002
8/15/2020,10:48:20 AM,Pond F,,0.00000 °,0.00000 °,736.4,371.4,370,0.18,369.9,241,77.3,-2.9,-2.9,0.32,1.56,-0.38,-0.36,88.3,7.27,91.2,16.26,-609.7,-0.001,0,-0.002
8/15/2020,10:48:20 AM,Pond F,,0.00000 °,0.00000 °,736.4,371.3,370,0.18,369.8,240,77.3,-2.9,-2.9,0.32,1.55,-0.38,-0.36,88.3,7.26,91.1,16.26,-609.7,0,0,0
8/15/2020,10:48:21 AM,Pond F,,0.00000 °,0.00000 °,736.4,371.3,369.9,0.18,369.8,240,77.3,-2.9,-2.9,0.32,1.56,-0.38,-0.36,88.3,7.26,91.1,16.26,-609.7,-0.001,0,-0.001
8/15/2020,10:48:21 AM,Pond F,,0.00000 °,0.00000 °,736.4,371.3,369.9,0.18,369.8,240,77.3,-2.9,-2.9,0.32,1.55,-0.38,-0.36,88.3,7.26,91.1,16.26,-609.7,0,0,0
8/15/2020,10:48:21 AM,Pond F,,0.00000 °,0.00000 °,736.4,371.3,369.9,0.18,369.8,240,77.3,-2.9,-2.9,0.32,1.57,-0.38,-0.36,88.3,7.26,91.1,16.26,-609.7,0,0,0.001
8/15/2020,10:48:21 AM,Pond F,,0.00000 °,0.00000 °,736.4,371.2,369.9,0.18,369.7,240,77.3,-2.9,-2.9,0.32,1.55,-0.38,-0.36,88.2,7.26,91.1,16.26,-609.7,0,0,0.002
8/15/2020,10:48:22 AM,Pond F,,0.00000 °,0.00000 °,736.4,371.2,369.8,0.18,369.7,240,77.3,-2.9,-2.9,0.32,1.57,-0.38,-0.35,88.2,7.26,91.1,16.26,-609.7,0,0,0.001
8/15/2020,10:48:22 AM,Pond F,,0.00000 °,0.00000 °,736.4,371.1,369.8,0.18,369.7,240,77.3,-2.9,-2.9,0.33,1.58,-0.37,-0.35,88.2,7.26,91,16.26,-609.7,0.001,0,0.009
8/15/2020,10:48:22 AM,Pond F,,0.00000 °,0.00000 °,736.4,371.1,369.8,0.18,369.6,240,77.3,-2.9,-2.9,0.33,1.57,-0.38,-0.36,88.2,7.25,91,16.26,-609.7,0.001,0.001,0.018
8/15/2020,10:48:22 AM,Pond F,,0.00000 °,0.00000 °,736.4,371.1,369.7,0.18,369.6,240,77.3,-2.9,-2.9,0.32,1.56,-0.38,-0.36,88.2,7.25,91,16.26,-609.7,0.002,0.002,0.028
8/15/2020,10:48:23 AM,Pond F,,0.00000 °,0.00000 °,736.4,371.1,369.7,0.18,369.6,240,77.3,-2.9,-2.9,0.32,1.55,-0.38,-0.35,88.1,7.25,91,16.26,-609.7,0.007,0.005,0.052
8/15/2020,10:48:23 AM,Pond F,,0.00000 °,0.00000 °,736.4,371,369.7,0.18,369.5,240,77.3,-2.9,-2.9,0.32,1.54,-0.37,-0.35,88.1,7.25,90.9,16.26,-609.7,0.01,0.007,0.065
8/15/2020,10:48:23 AM,Pond F,,0.00000 °,0.00000 °,736.4,371,369.6,0.18,369.5,240,77.3,-2.9,-2.9,0.32,1.54,-0.37,-0.35,88.1,7.25,90.9,16.26,-609.7,0.014,0.01,0.075
8/15/2020,10:48:23 AM,Pond F,,0.00000 °,0.00000 °,736.4,371,369.6,0.18,369.5,240,77.3,-2.9,-2.9,0.32,1.54,-0.37,-0.35,88.1,7.25,90.9,16.26,-609.7,0.018,0.012,0.088
8/15/2020,10:48:24 AM,Pond F,,0.00000 °,0.00000 °,736.4,371,369.6,0.18,369.5,240,77.3,-2.9,-2.9,0.32,1.53,-0.36,-0.35,88.1,7.25,90.9,16.26,-609.7,0.026,0.018,0.112
8/15/2020,10:48:24 AM,Pond F,,0.00000 °,0.00000 °,736.4,370.9,369.6,0.18,369.4,240,77.3,-2.9,-2.9,0.31,1.52,-0.37,-0.35,88.1,7.24,90.9,16.26,-609.7,0.031,0.022,0.126
8/15/2020,10:48:24 AM,Pond F,,0.00000 °,0.00000 °,736.4,370.9,369.6,0.18,369.4,240,77.3,-2.9,-2.9,0.31,1.52,-0.36,-0.34,88,7.24,90.8,16.26,-609.7,0.036,0.025,0.139
8/15/2020,10:48:24 AM,Pond F,,0.00000 °,0.00000 °,736.4,370.9,369.5,0.18,369.4,240,77.3,-2.9,-2.9,0.32,1.53,-0.36,-0.34,88,7.24,90.8,16.26,-609.7,0.047,0.033,0.163
8/15/2020,10:48:25 AM,Pond F,,0.00000 °,0.00000 °,736.4,370.8,369.5,0.18,369.4,240,77.3,-2.9,-2.9,0.32,1.55,-0.36,-0.34,88,7.24,90.8,16.26,-609.7,0.053,0.037,0.174
8/15/2020,10:48:25 AM,Pond F,,0.00000 °,0.00000 °,736.4,370.8,369.5,0.18,369.3,240,77.3,-2.9,-2.9,0.32,1.56,-0.36,-0.34,88,7.24,90.8,16.26,-609.7,0.058,0.041,0.184
8/15/2020,10:48:25 AM,Pond F,,0.00000 °,0.00000 °,736.4,370.8,369.5,0.18,369.3,240,77.3,-2.9,-2.9,0.33,1.57,-0.36,-0.34,87.9,7.24,90.8,16.26,-609.7,0.07,0.049,0.203
8/15/2020,10:48:25 AM,Pond F,,0.00000 °,0.00000 °,736.4,370.8,369.5,0.18,369.3,240,77.3,-2.9,-2.9,0.33,1.58,-0.36,-0.35,87.9,7.23,90.7,16.26,-609.7,0.076,0.054,0.212
8/15/2020,10:48:26 AM,Pond F,,0.00000 °,0.00000 °,736.4,370.8,369.4,0.18,369.3,240,77.3,-2.9,-2.9,0.32,1.56,-0.36,-0.34,87.9,7.23,90.7,16.26,-609.7,0.082,0.058,0.217
8/15/2020,10:48:26 AM,Pond F,,0.00000 °,0.00000 °,736.4,370.7,369.4,0.18,369.3,240,77.3,-2.9,-2.9,0.33,1.58,-0.36,-0.35,87.9,7.23,90.7,16.26,-609.7,0.093,0.066,0.237
8/15/2020,10:48:26 AM,Pond F,,0.00000 °,0.00000 °,736.4,370.7,369.4,0.18,369.3,240,77.3,-2.9,-2.9,0.33,1.6,-0.36,-0.34,87.9,7.23,90.7,16.26,-609.7,0.099,0.07,0.252
8/15/2020,10:48:26 AM,Pond F,,0.00000 °,0.00000 °,736.4,370.7,369.4,0.18,369.3,240,77.3,-2.9,-2.9,0.34,1.62,-0.36,-0.34,87.8,7.23,90.7,16.26,-609.7,0.105,0.074,0.262
8/15/2020,10:48:27 AM,Pond F,,0.00000 °,0.00000 °,736.4,370.6,369.4,0.18,369.2,240,77.3,-2.9,-2.9,0.35,1.65,-0.35,-0.34,87.8,7.22,90.6,16.26,-609.7,0.118,0.083,0.288
8/15/2020,10:48:27 AM,Pond F,,0.00000 °,0.00000 °,736.4,370.6,369.3,0.18,369.2,240,77.3,-2.9,-2.9,0.36,1.69,-0.36,-0.34,87.8,7.22,90.6,16.26,-609.7,0.124,0.088,0.302
8/15/2020,10:48:27 AM,Pond F,,0.00000 °,0.00000 °,736.4,370.6,369.3,0.18,369.2,240,77.3,-2.9,-2.9,0.37,1.73,-0.35,-0.34,87.8,7.22,90.6,16.26,-609.7,0.131,0.092,0.314
8/15/2020,10:48:27 AM,Pond F,,0.00000 °,0.00000 °,736.4,370.5,369.3,0.18,369.1,240,77.3,-2.9,-2.9,0.38,1.77,-0.35,-0.34,87.7,7.22,90.5,16.26,-609.7,0.138,0.097,0.327
8/15/2020,10:48:28 AM,Pond F,,0.00000 °,0.00000 °,736.4,370.4,369.2,0.18,369.1,240,77.3,-2.9,-2.9,0.38,1.79,-0.34,-0.33,87.7,7.21,90.5,16.26,-609.7,0.151,0.107,0.351
8/15/2020,10:48:28 AM,Pond F,,0.00000 °,0.00000 °,736.4,370.3,369.2,0.18,369.1,240,77.3,-2.9,-2.9,0.39,1.81,-0.34,-0.33,87.6,7.21,90.4,16.26,-609.7,0.158,0.112,0.364
8/15/2020,10:48:28 AM,Pond F,,0.00000 °,0.00000 °,736.4,370.3,369.1,0.18,369,240,77.3,-2.9,-2.9,0.4,1.85,-0.34,-0.33,87.6,7.21,90.4,16.26,-609.7,0.165,0.117,0.373
8/15/2020,10:48:28 AM,Pond F,,0.00000 °,0.00000 °,736.4,370.2,369.1,0.18,369,240,77.3,-2.9,-2.9,0.41,1.88,-0.34,-0.33,87.5,7.2,90.3,16.26,-609.7,0.179,0.126,0.398
8/15/2020,10:48:29 AM,Pond F,,0.00000 °,0.00000 °,736.4,370.1,369.1,0.18,368.9,240,77.3,-2.9,-2.9,0.41,1.92,-0.34,-0.33,87.5,7.2,90.3,16.26,-609.7,0.186,0.131,0.412
8/15/2020,10:48:29 AM,Pond F,,0.00000 °,0.00000 °,736.4,370,369,0.18,368.9,240,77.3,-2.9,-2.9,0.42,1.94,-0.33,-0.33,87.4,7.2,90.2,16.26,-609.7,0.193,0.136,0.423
8/15/2020,10:48:29 AM,Pond F,,0.00000 °,0.00000 °,736.4,370,369,0.18,368.9,240,77.3,-2.9,-2.8,0.43,1.99,-0.33,-0.33,87.4,7.19,90.2,16.26,-609.7,0.201,0.142,0.436
8/15/2020,10:48:29 AM,Pond F,,0.00000 °,0.00000 °,736.4,369.9,368.9,0.18,368.8,240,77.2,-2.8,-2.8,0.44,2.03,-0.33,-0.33,87.3,7.19,90.1,16.26,-609.7,0.215,0.152,0.463
8/15/2020,10:48:30 AM,Pond F,,0.00000 °,0.00000 °,736.4,369.8,368.9,0.18,368.8,240,77.2,-2.8,-2.8,0.45,2.06,-0.33,-0.32,87.3,7.19,90.1,16.26,-609.7,0.223,0.157,0.476
8/15/2020,10:48:30 AM,Pond F,,0.00000 °,0.00000 °,736.4,369.6,368.8,0.18,368.7,240,77.2,-2.8,-2.8,0.46,2.08,-0.33,-0.32,87.2,7.18,90,16.26,-609.7,0.23,0.163,0.488
8/15/2020,10:48:30 AM,Pond F,,0.00000 °,0.00000 °,736.4,369.5,368.8,0.18,368.7,240,77.2,-2.8,-2.8,0.47,2.12,-0.33,-0.32,87.2,7.18,90,16.26,-609.7,0.246,0.173,0.512
8/15/2020,10:48:30 AM,Pond F,,0.00000 °,0.00000 °,736.4,369.4,368.7,0.18,368.6,240,77.2,-2.8,-2.8,0.48,2.17,-0.32,-0.32,87.1,7.18,89.9,16.26,-609.7,0.253,0.178,0.525
8/15/2020,10:48:31 AM,Pond F,,0.00000 °,0.00000 °,736.4,369.3,368.6,0.18,368.6,240,77.2,-2.8,-2.8,0.49,2.21,-0.32,-0.32,87.1,7.17,89.9,16.26,-609.7,0.261,0.184,0.537
8/15/2020,10:48:31 AM,Pond F,,0.00000 °,0.00000 °,736.4,369.2,368.6,0.18,368.5,240,77.2,-2.8,-2.8,0.49,2.23,-0.32,-0.32,87,7.17,89.8,16.26,-609.7,0.276,0.195,0.564
8/15/2020,10:48:31 AM,Pond F,,0.00000 °,0.00000 °,736.4,369.1,368.5,0.18,368.5,240,77.1,-2.8,-2.8,0.51,2.3,-0.32,-0.32,87,7.17,89.8,16.26,-609.7,0.284,0.2,0.58
8/15/2020,10:48:31 AM,Pond F,,0.00000 °,0.00000 °,736.4,369,368.5,0.18,368.4,240,77.1,-2.8,-2.8,0.52,2.33,-0.32,-0.32,86.9,7.16,89.7,16.26,-609.7,0.292,0.206,0.592
8/15/2020,10:48:32 AM,Pond F,,0.00000 °,0.00000 °,736.4,368.9,368.4,0.18,368.4,239,77.1,-2.8,-2.8,0.52,2.35,-0.32,-0.32,86.9,7.16,89.6,16.26,-609.7,0.308,0.217,0.624
8/15/2020,10:48:32 AM,Pond F,,0.00000 °,0.00000 °,736.4,368.7,368.4,0.18,368.3,239,77.1,-2.8,-2.8,0.53,2.38,-0.32,-0.32,86.8,7.16,89.6,16.26,-609.7,0.316,0.223,0.64
8/15/2020,10:48:32 AM,Pond F,,0.00000 °,0.00000 °,736.4,368.6,368.3,0.18,368.3,239,77.1,-2.8,-2.8,0.54,2.41,-0.32,-0.32,86.7,7.15,89.5,16.26,-609.7,0.324,0.229,0.654
8/15/2020,10:48:32 AM,Pond F,,0.00000 °,0.00000 °,736.4,368.5,368.3,0.18,368.2,239,77.1,-2.8,-2.8,0.55,2.45,-0.31,-0.31,86.7,7.15,89.5,16.26,-609.7,0.341,0.24,0.683
8/15/2020,10:48:33 AM,Pond F,,0.00000 °,0.00000 °,736.4,368.4,368.2,0.18,368.2,239,77,-2.8,-2.8,0.55,2.47,-0.31,-0.31,86.7,7.15,89.4,16.26,-609.7,0.349,0.246,0.699
8/15/2020,10:48:33 AM,Pond F,,0.00000 °,0.00000 °,736.4,368.3,368.2,0.18,368.2,239,77,-2.8,-2.8,0.56,2.49,-0.3,-0.31,86.6,7.15,89.4,16.26,-609.7,0.358,0.252,0.71
8/15/2020,10:48:33 AM,Pond F,,0.00000 °,0.00000 °,736.4,368.2,368.2,0.18,368.2,239,77,-2.8,-2.8,0.57,2.55,-0.3,-0.31,86.5,7.14,89.3,16.26,-609.7,0.366,0.258,0.719
8/15/2020,10:48:33 AM,Pond F,,0.00000 °,0.00000 °,736.4,368.1,368.2,0.18,368.2,239,77,-2.8,-2.8,0.59,2.59,-0.3,-0.31,86.5,7.14,89.2,16.26,-609.7,0.383,0.27,0.739
8/15/2020,10:48:34 AM,Pond F,,0.00000 °,0.00000 °,736.4,368,368.1,0.18,368.1,239,77,-2.8,-2.8,0.59,2.61,-0.29,-0.3,86.4,7.14,89.2,16.26,-609.7,0.391,0.276,0.749
8/15/2020,10:48:34 AM,Pond F,,0.00000 °,0.00000 °,736.4,367.9,368.1,0.18,368.1,239,76.9,-2.8,-2.8,0.6,2.64,-0.29,-0.3,86.4,7.13,89.1,16.26,-609.7,0.399,0.281,0.757
8/15/2020,10:48:34 AM,Pond F,,0.00000 °,0.00000 °,736.4,367.8,368.1,0.18,368.1,239,76.9,-2.8,-2.8,0.61,2.71,-0.29,-0.3,86.3,7.13,89.1,16.26,-609.7,0.415,0.293,0.776
8/15/2020,10:48:34 AM,Pond F,,0.00000 °,0.00000 °,736.4,367.7,368.1,0.18,368.1,239,76.9,-2.8,-2.8,0.62,2.73,-0.29,-0.3,86.3,7.13,89.1,16.26,-609.7,0.423,0.298,0.786
8/15/2020,10:48:35 AM,Pond F,,0.00000 °,0.00000 °,736.4,367.6,368.1,0.18,368.1,239,76.9,-2.8,-2.8,0.63,2.76,-0.29,-0.3,86.2,7.12,89,16.26,-609.7,0.431,0.304,0.793
8/15/2020,10:48:35 AM,Pond F,,0.00000 °,0.00000 °,736.4,367.5,368.1,0.18,368.1,239,76.9,-2.8,-2.8,0.63,2.77,-0.3,-0.3,86.2,7.12,88.9,16.26,-609.7,0.439,0.31,0.802
8/15/2020,10:48:35 AM,Pond F,,0.00000 °,0.00000 °,736.4,367.4,368.1,0.18,368.1,239,76.8,-2.8,-2.8,0.63,2.79,-0.3,-0.3,86.1,7.12,88.9,16.26,-609.7,0.455,0.321,0.821
8/15/2020,10:48:35 AM,Pond F,,0.00000 °,0.00000 °,736.4,367.4,368.1,0.18,368.1,239,76.8,-2.8,-2.8,0.64,2.82,-0.3,-0.31,86,7.11,88.8,16.27,-609.7,0.463,0.326,0.827
8/15/2020,10:48:36 AM,Pond F,,0.00000 °,0.00000 °,736.4,367.3,368.1,0.18,368.1,239,76.8,-2.8,-2.8,0.64,2.82,-0.29,-0.3,86,7.11,88.7,16.27,-609.7,0.471,0.332,0.836
8/15/2020,10:48:36 AM,Pond F,,0.00000 °,0.00000 °,736.4,367.2,368.1,0.18,368.1,239,76.8,-2.8,-2.8,0.64,2.82,-0.29,-0.3,85.9,7.11,88.7,16.27,-609.7,0.486,0.343,0.854
8/15/2020,10:48:36 AM,Pond F,,0.00000 °,0.00000 °,736.4,367.1,368.1,0.18,368.2,239,76.7,-2.8,-2.8,0.65,2.84,-0.29,-0.3,85.9,7.1,88.6,16.27,-609.7,0.494,0.348,0.862
8/15/2020,10:48:36 AM,Pond F,,0.00000 °,0.00000 °,736.4,367.1,368.1,0.18,368.2,239,76.7,-2.8,-2.8,0.65,2.85,-0.28,-0.29,85.8,7.1,88.6,16.27,-609.7,0.501,0.353,0.872
8/15/2020,10:48:37 AM,Pond F,,0.00000 °,0.00000 °,736.4,367,368.1,0.18,368.2,239,76.7,-2.8,-2.8,0.66,2.89,-0.28,-0.29,85.8,7.1,88.5,16.27,-609.7,0.517,0.364,0.894
8/15/2020,10:48:37 AM,Pond F,,0.00000 °,0.00000 °,736.4,366.9,368.1,0.18,368.2,239,76.7,-2.8,-2.8,0.66,2.9,-0.27,-0.29,85.7,7.1,88.5,16.27,-609.7,0.524,0.37,0.905
8/15/2020,10:48:37 AM,Pond F,,0.00000 °,0.00000 °,736.4,366.8,368.1,0.18,368.2,239,76.7,-2.8,-2.8,0.67,2.92,-0.27,-0.29,85.7,7.09,88.4,16.27,-609.7,0.532,0.375,0.912
8/15/2020,10:48:37 AM,Pond F,,0.00000 °,0.00000 °,736.4,366.8,368.1,0.18,368.2,239,76.7,-2.8,-2.8,0.67,2.93,-0.27,-0.28,85.6,7.09,88.3,16.27,-609.7,0.547,0.386,0.926
8/15/2020,10:48:38 AM,Pond F,,0.00000 °,0.00000 °,736.4,366.7,368.1,0.18,368.3,239,76.6,-2.8,-2.8,0.67,2.94,-0.27,-0.28,85.5,7.09,88.3,16.27,-609.7,0.555,0.391,0.934
8/15/2020,10:48:38 AM,Pond F,,0.00000 °,0.00000 °,736.4,366.6,368.1,0.18,368.3,239,76.6,-2.8,-2.8,0.67,2.94,-0.27,-0.29,85.5,7.08,88.2,16.27,-609.7,0.562,0.396,0.939
8/15/2020,10:48:38 AM,Pond F,,0.00000 °,0.00000 °,736.4,366.6,368.2,0.18,368.3,239,76.6,-2.8,-2.8,0.68,2.95,-0.27,-0.28,85.4,7.08,88.2,16.27,-609.7,0.577,0.407,0.956
8/15/2020,10:48:38 AM,Pond F,,0.00000 °,0.00000 °,736.4,366.5,368.2,0.18,368.4,239,76.6,-2.8,-2.8,0.68,2.95,-0.26,-0.28,85.4,7.08,88.1,16.27,-609.7,0.584,0.412,0.966
8/15/2020,10:48:39 AM,Pond F,,0.00000 °,0.00000 °,736.4,366.4,368.2,0.18,368.4,239,76.5,-2.8,-2.7,0.68,2.97,-0.26,-0.28,85.3,7.08,88.1,16.27,-609.7,0.591,0.417,0.972
8/15/2020,10:48:39 AM,Pond F,,0.00000 °,0.00000 °,736.4,366.4,368.3,0.18,368.4,239,76.5,-2.7,-2.7,0.68,2.98,-0.25,-0.27,85.3,7.07,88,16.27,-609.7,0.599,0.422,0.98
8/15/2020,10:48:39 AM,Pond F,,0.00000 °,0.00000 °,736.4,366.3,368.3,0.18,368.5,239,76.5,-2.7,-2.7,0.69,3.02,-0.25,-0.27,85.2,7.07,87.9,16.27,-609.7,0.613,0.432,0.994
8/15/2020,10:48:39 AM,Pond F,,0.00000 °,0.00000 °,736.4,366.3,368.3,0.18,368.5,239,76.5,-2.7,-2.7,0.69,3.02,-0.25,-0.27,85.1,7.06,87.9,16.27,-609.7,0.62,0.437,1.001
8/15/2020,10:48:40 AM,Pond F,,0.00000 °,0.00000 °,736.4,366.3,368.4,0.18,368.6,239,76.5,-2.7,-2.7,0.7,3.03,-0.24,-0.27,85.1,7.06,87.8,16.27,-609.7,0.627,0.442,1.01
8/15/2020,10:48:40 AM,Pond F,,0.00000 °,0.00000 °,736.4,366.3,368.5,0.18,368.7,239,76.4,-2.7,-2.7,0.71,3.07,-0.23,-0.26,85,7.06,87.8,16.27,-609.7,0.641,0.452,1.024
8/15/2020,10:48:40 AM,Pond F,,0.00000 °,0.00000 °,736.4,366.3,368.5,0.18,368.8,240,76.4,-2.7,-2.7,0.72,3.13,-0.23,-0.26,85,7.05,87.7,16.27,-609.7,0.648,0.457,1.032
8/15/2020,10:48:40 AM,Pond F,,0.00000 °,0.00000 °,736.4,366.3,368.6,0.18,368.9,240,76.4,-2.7,-2.7,0.72,3.14,-0.23,-0.26,84.9,7.05,87.7,16.27,-609.7,0.655,0.462,1.04
8/15/2020,10:48:41 AM,Pond F,,0.00000 °,0.00000 °,736.4,366.3,368.7,0.18,369,240,76.4,-2.7,-2.7,0.73,3.17,-0.23,-0.26,84.9,7.05,87.6,16.27,-609.7,0.669,0.472,1.056
8/15/2020,10:48:41 AM,Pond F,,0.00000 °,0.00000 °,736.4,366.3,368.8,0.18,369.1,240,76.4,-2.7,-2.7,0.74,3.2,-0.22,-0.25,84.8,7.04,87.5,16.27,-609.7,0.676,0.477,1.064
8/15/2020,10:48:41 AM,Pond F,,0.00000 °,0.00000 °,736.4,366.4,368.9,0.18,369.2,240,76.4,-2.7,-2.7,0.76,3.27,-0.21,-0.25,84.7,7.04,87.5,16.27,-609.7,0.683,0.482,1.068
8/15/2020,10:48:41 AM,Pond F,,0.00000 °,0.00000 °,736.4,366.4,369,0.18,369.3,240,76.3,-2.7,-2.7,0.76,3.27,-0.21,-0.25,84.7,7.04,87.4,16.27,-609.7,0.69,0.487,1.076
8/15/2020,10:48:42 AM,Pond F,,0.00000 °,0.00000 °,736.4,366.4,369.1,0.18,369.4,240,76.3,-2.7,-2.7,0.76,3.3,-0.21,-0.25,84.6,7.03,87.3,16.27,-609.7,0.704,0.496,1.095
8/15/2020,10:48:42 AM,Pond F,,0.00000 °,0.00000 °,736.4,366.5,369.3,0.18,369.5,240,76.3,-2.7,-2.7,0.78,3.35,-0.2,-0.24,84.5,7.03,87.2,16.27,-609.7,0.711,0.501,1.103
8/15/2020,10:48:42 AM,Pond F,,0.00000 °,0.00000 °,736.4,366.6,369.4,0.18,369.7,240,76.3,-2.7,-2.7,0.79,3.4,-0.19,-0.24,84.5,7.03,87.2,16.27,-609.7,0.717,0.506,1.115
8/15/2020,10:48:42 AM,Pond F,,0.00000 °,0.00000 °,736.4,366.7,369.7,0.18,370,240,76.2,-2.7,-2.7,0.83,3.55,-0.19,-0.23,81.5,6.78,84.1,16.28,-609.7,0.731,0.515,1.132
8/15/2020,10:48:43 AM,Pond F,,0.00000 °,0.00000 °,736.4,366.8,369.9,0.18,370.2,240,76.2,-2.7,-2.7,0.85,3.64,-0.18,-0.23,81.2,6.76,83.8,16.28,-609.7,0.738,0.52,1.138
8/15/2020,10:48:43 AM,Pond F,,0.00000 °,0.00000 °,736.4,367,370.1,0.18,370.4,241,76.2,-2.7,-2.7,0.88,3.76,-0.16,-0.22,81,6.74,83.6,16.28,-609.7,0.745,0.525,1.146
8/15/2020,10:48:43 AM,Pond F,,0.00000 °,0.00000 °,736.4,367.1,370.3,0.18,370.7,241,76.2,-2.7,-2.7,2.46,10.02,-0.16,-0.21,80.9,6.73,83.5,16.28,-609.7,0.758,0.535,1.162
8/15/2020,10:48:43 AM,Pond F,,0.00000 °,0.00000 °,736.4,367.3,370.6,0.18,370.9,241,76.2,-2.7,-2.7,2.4,9.76,-0.15,-0.21,80.7,6.72,83.3,16.28,-609.7,0.765,0.539,1.171
8/15/2020,10:48:44 AM,Pond F,,0.00000 °,0.00000 °,736.4,367.3,370.7,0.18,371.1,241,76.1,-2.7,-2.7,2.38,9.69,-0.14,-0.2,80.9,6.74,83.5,16.28,-609.7,0.772,0.544,1.176
8/15/2020,10:48:44 AM,Pond F,,0.00000 °,0.00000 °,736.4,367.5,371,0.18,371.4,241,76.1,-2.7,-2.7,2.35,9.58,-0.13,-0.19,81.1,6.75,83.7,16.28,-609.7,0.785,0.553,1.185
8/15/2020,10:48:44 AM,Pond F,,0.00000 °,0.00000 °,736.4,367.6,371.3,0.18,371.6,241,76.1,-2.7,-2.7,2.11,8.6,-0.12,-0.19,81.2,6.76,83.8,16.28,-609.7,0.792,0.558,1.191
