SampleID,DOY,Pond,Alkalinity,pH,notes
E19A146,146,A,112.09,,
E19B146,146,B,119.87,,
E19C146,146,C,117.23,,
E19D146,146,D,138.81,,
E19E146,146,E,140.5,,
E19F146,146,F,128.78,,
E19A148,148,A,130.98,,
E19B148,148,B,105.21,,
E19C148,148,C,109.68,,
E19D148,148,D,128.55,,
E19E148,148,E,128.44,,
E19F148,148,F,115.46,,
E19A150,150,A,140.22,,
E19B150,150,B,119.22,,
E19C150,150,C,118.36,,
E19D150,150,D,134.46,,
E19E150,150,E,131.81,,
E19F150,150,F,123.48,,
E19A153,153,A,122.64,,
E19B153,153,B,117.6,,
E19C153,153,C,116.69,,
E19D153,153,D,130.54,,
E19E153,153,E,124.12,,
E19F153,153,F,117.94,,
E19A155,155,A,121.32,,
E19B155,155,B,117.66,,
E19C155,155,C,114.33,,
E19D155,155,D,124.92,,
E19E155,155,E,118.8,,
E19F155,155,F,112.97,,
E19A157,157,A,144.32,,
E19B157,157,B,121.92,,
E19C157,157,C,115.98,,
E19D157,157,D,123.68,,
E19E157,157,E,113.13,,
E19F157,157,F,109.63,,
E19A160,160,A,129.78,,
E19B160,160,B,121.04,,
E19C160,160,C,112.43,,
E19D160,160,D,121.09,,
E19E160,160,E,110.88,,
E19F160,160,F,111.71,,
E19A162,162,A,126.84,,
E19B162,162,B,122.83,,
E19C162,162,C,112.99,,
E19D162,162,D,120.08,,
E19E162,162,E,112.27,,
E19F162,162,F,110.84,,
E19A164,164,A,131.3,,
E19B164,164,B,120.84,,
E19C164,164,C,107.41,,
E19D164,164,D,120.12,,
E19E164,164,E,109.67,,
E19F164,164,F,110.11,,
E20A167,167,A,136.24,,
E20B167,167,B,123.27,,
E20C167,167,C,114.01,,
E20D167,167,D,122,,
E20E167,167,E,112.31,,
E20F167,167,F,113.64,,
E20A169,169,A,136.29,,
E20B169,169,B,121.86,,
E20C169,169,C,113.5,,
E20D169,169,D,122.06,,
E20E169,169,E,112.94,,
E20F169,169,F,115.32,,
E20A171,171,A,151.89,,
E20B171,171,B,132.35,,
E20C171,171,C,121.39,,
E20D171,171,D,128.3,,
E20E171,171,E,118.4,,
E20F171,171,F,119.26,,
E20A173,173,A,154.25,,
E20B173,173,B,121.28,,
E20C173,173,C,115.09,,
E20D173,173,D,119.63,,
E20E173,173,E,113.52,,
E20F173,173,F,112.18,,
E20A174,174,A,132.69,,
E20B174,174,B,120.77,,
E20C174,174,C,112.46,,
E20D174,174,D,118.29,,
E20E174,174,E,110.72,,
E20F174,174,F,113.1,,
E20A175,175,A,127.44,,
E20B175,175,B,116.58,,
E20C175,175,C,111.37,,
E20D175,175,D,116.93,,
E20E175,175,E,110.6,,
E20F175,175,F,113.08,,
E20A176,176,A,134.97,,
E20B176,176,B,118.61,,
E20C176,176,C,111.18,,
E20D176,176,D,118.17,,
E20E176,176,E,110.16,,
E20F176,176,F,114.26,,
E20A177,177,A,131.89,,
E20B177,177,B,117.94,,
E20C177,177,C,115.5,,
E20D177,177,D,118.31,,
E20E177,177,E,108.17,,
E20F177,177,F,115.47,,
E20A178,178,A,153.4,,
E20B178,178,B,150.43,,
E20C178,178,C,128.64,,
E20D178,178,D,126.51,,
E20E178,178,E,117.74,,
E20F178,178,F,118.36,,
E20A179,179,A,148.24,,
E20B179,179,B,117.09,,
E20C179,179,C,108.75,,
E20D179,179,D,115.14,,
E20E179,179,E,107.48,,
E20F179,179,F,110.51,,
E20A180,180,A,149.93,,
E20B180,180,B,117.94,,
E20C180,180,C,113.08,,
E20D180,180,D,113.41,,
E20E180,180,E,110.21,,
E20F180,180,F,114.65,,
E20A181,181,A,149.11,,
E20B181,181,B,118.76,,
E20C181,181,C,114.67,,
E20D181,181,D,116.95,,
E20E181,181,E,117.73,,
E20F181,181,F,118.54,,
E20A182,182,A,149.14,,"alkalinity was ""1149.14"", assuming this was a typo"
E20B182,182,B,119.11,,
E20C182,182,C,117.66,,
E20D182,182,D,123.5,,
E20E182,182,E,115.68,,
E20F182,182,F,119.35,,
E20A183,183,A,145.25,,
E20B183,183,B,128.94,,
E20C183,183,C,118.82,,
E20D183,183,D,122.99,,
E20E183,183,E,113.41,,
E20F183,183,F,117.64,,
E20A184,184,A,152.63,,
E20B184,184,B,122.46,,
E20C184,184,C,112.22,,
E20D184,184,D,119.36,,
E20E184,184,E,112.52,,
E20F184,184,F,117.55,,
E20A185,185,A,153.51,,
E20B185,185,B,123.43,,
E20C185,185,C,111.23,,
E20D185,185,D,118.45,,
E20E185,185,E,111.97,,
E20F185,185,F,117.57,,
E20A186,186,A,154.35,,
E20B186,186,B,122.48,,
E20C186,186,C,110.97,,
E20D186,186,D,118.76,,
E20E186,186,E,109,,
E20F186,186,F,115.28,,
E20A187,187,A,156.04,,
E20B187,187,B,121.19,,
E20C187,187,C,111.95,,
E20D187,187,D,118.45,,
E20E187,187,E,110.12,,
E20F187,187,F,115.1,,
E20A188,188,A,136.91,,
E20B188,188,B,124.15,,
E20C188,188,C,112.41,,
E20D188,188,D,122.39,,
E20E188,188,E,114.98,,
E20F188,188,F,117.08,,
E20A189,189,A,136.8,,
E20B189,189,B,123.71,,
E20C189,189,C,110.62,,
E20D189,189,D,124.12,,
E20E189,189,E,111.43,,
E20F189,189,F,118.64,,
E20A190,190,A,143.79,,
E20B190,190,B,123.97,,
E20C190,190,C,114.4,,
E20D190,190,D,123.36,,
E20E190,190,E,113.41,,
E20F190,190,F,119.24,,
E20A191,191,A,145.66,,
E20B191,191,B,126.1,,
E20C191,191,C,115.74,,
E20D191,191,D,125.33,,
E20E191,191,E,114.86,,
E20F191,191,F,119.66,,
E20A192,192,A,144.69,,
E20B192,192,B,125.59,,
E20C192,192,C,115.56,,
E20D192,192,D,125.76,,
E20E192,192,E,116.07,,
E20F192,192,F,120.89,,
E20A195,195,A,148.86,,
E20B195,195,B,132.18,,
E20C195,195,C,117.74,,
E20D195,195,D,126.12,,
E20E195,195,E,119.59,,
E20F195,195,F,119.1,,
E20A197,197,A,143.33,,
E20B197,197,B,123.34,,
E20C197,197,C,112.48,,
E20D197,197,D,115.72,,
E20E197,197,E,107.17,,
E20F197,197,F,113.13,,
E20A199,199,A,145.23,,
E20B199,199,B,126.88,,
E20C199,199,C,111.65,,
E20D199,199,D,119.06,,
E20E199,199,E,112.22,,
E20F199,199,F,111.92,,
E20A202,202,A,150.67,6.69,
E20B202,202,B,130.2,7.31,
E20C202,202,C,121.21,8.59,
E20D202,202,D,123.5,8.77,
E20E202,202,E,116.2,8.89,
E20F202,202,F,117.22,8.22,
E20A204,204,A,153.05,6.97,
E20B204,204,B,131.93,6.77,
E20C204,204,C,118.01,7.92,
E20D204,204,D,124.01,8.58,
E20E204,204,E,119.68,8.96,
E20F204,204,F,116.9,7.45,
E20A206,206,A,155.16,6.84,
E20B206,206,B,138.14,6.81,
E20C206,206,C,122.51,7.63,
E20D206,206,D,124.81,8.6,
E20E206,206,E,120.03,8.84,
E20F206,206,F,118.54,7.24,
E20A209,209,A,157.34,6.6,
E20B209,209,B,138.42,6.59,
E20C209,209,C,123.06,6.78,
E20D209,209,D,125.17,8.1,
E20E209,209,E,120.56,8.43,
E20F209,209,F,119.63,6.67,
E20A211,211,A,162.34,6.99,
E20B211,211,B,139.85,6.98,
E20C211,211,C,126.61,7.16,
E20D211,211,D,126.02,8.23,
E20E211,211,E,119.7,8.59,
E20F211,211,F,123.89,6.91,
E20A213,213,A,165.56,6.63,
E20B213,213,B,143.67,6.89,
E20C213,213,C,131.89,6.71,
E20D213,213,D,127.18,7.89,
E20E213,213,E,122,8.2,
E20F213,213,F,126.67,6.65,
E20A216,216,A,169.21,6.31,
E20B216,216,B,152.2,6.97,
E20C216,216,C,142.42,6.7,
E20D216,216,D,131.93,6.84,
E20E216,216,E,122.62,7.08,
E20F216,216,F,135.59,6.71,
E20A218,218,A,170.6,6.83,
E20B218,218,B,148.77,7.15,
E20C218,218,C,143.46,6.77,
E20D218,218,D,136,6.64,
E20E218,218,E,126.42,6.61,
E20F218,218,F,137.1,6.62,
E20A220,220,A,169.66,6.56,
E20B220,220,B,148.02,7.11,
E20C220,220,C,143.81,6.94,
E20D220,220,D,138.39,6.64,
E20E220,220,E,127.95,6.61,
E20F220,220,F,137.24,6.61,
E20A222,222,A,187.56,7.36,
E20B222,222,B,155.16,8.06,
E20C222,222,C,147.28,8.2,
E20D222,222,D,142.52,7.34,
E20E222,222,E,127.14,7.28,
E20F222,222,F,138.02,7.26,
E20A224,224,A,162.5,6.98,
E20B224,224,B,141.8,7.06,
E20C224,224,C,142.56,7.15,
E20D224,224,D,136.82,6.61,
E20E224,224,E,123.97,6.57,
E20F224,224,F,135.94,6.64,
E20A226,226,A,159.63,7.08,
E20B226,226,B,145.01,7.36,
E20C226,226,C,142.84,7.85,
E20D226,226,D,140.61,7.6,
E20E226,226,E,127.97,6.96,
E20F226,226,F,136.49,6.85,
E20A229,229,A,186.4,7.35,
E20B229,229,B,143.53,7.3,
E20C229,229,C,146.41,7.72,
E20D229,229,D,139.92,7.53,
E20E229,229,E,129.64,7.1,
E20F229,229,F,134.06,7.06,
E20A231,231,A,164.3,6.75,
E20B231,231,B,150.78,6.9,
E20C231,231,C,147.43,7.19,
E20D231,231,D,152.01,6.78,
E20E231,231,E,134.73,6.66,
E20F231,231,F,143.99,6.72,
E20A233,233,A,168.1,6.99,
E20B233,233,B,156.01,6.98,
E20C233,233,C,155.32,7.76,
E20D233,233,D,159.76,7.07,
E20E233,233,E,142.72,6.83,
E20F233,233,F,154.21,7.03,
E20A236,236,A,192.84,7.19,
E20B236,236,B,164.42,7.27,
E20C236,236,C,158.33,7.72,
E20D236,236,D,163.91,7.31,
E20E236,236,E,143.92,7.06,
E20F236,236,F,155.85,7.29,
E20A238,238,A,171.93,6.69,
E20B238,238,B,162.8,6.91,
E20C238,238,C,161.97,7.36,
E20D238,238,D,169.36,7.23,
E20E238,238,E,149.28,6.74,
E20F238,238,F,158.73,7.16,
E20A240,240,A,185.26,6.97,
E20B240,240,B,154.73,6.44,
E20C240,240,C,157.35,6.76,
E20D240,240,D,156.65,7.11,
E20E240,240,E,144.52,6.57,
E20F240,240,F,147.24,6.69,
