doy,period,pond,time,secchi,adj_secchi,chl,phyco,chlfil,phycofil,dosat_before,dosat_after,tp,srp,tn,nox,nhx
142,BASE,A,1312,NA,NA,5637.5,1188.65,NA,NA,97.9,96.8,NA,NA,NA,NA,NA
142,BASE,B,1305,NA,NA,2599.8,989.9,NA,NA,97.9,96.8,NA,NA,NA,NA,NA
142,BASE,C,1300,NA,NA,950.02,308.66,NA,NA,97.9,96.8,NA,NA,NA,NA,NA
142,BASE,D,1252,NA,NA,3597.4,1014,NA,NA,97.9,96.8,NA,NA,NA,NA,NA
142,BASE,E,1240,NA,NA,2402.7,660.69,NA,NA,97.9,96.8,NA,NA,NA,NA,NA
142,BASE,F,1246,NA,NA,1054.7,393.81,NA,NA,97.9,96.8,NA,NA,NA,NA,NA
143,BASE,A,942,1,NA,4541.7,1440.4,NA,NA,95.1,96.6,43.2,0,0.2484,0.042644,NA
143,BASE,B,955,1.35,NA,2354.2,900.48,NA,NA,95.1,96.6,44.9,0,0.068132,0,NA
143,BASE,C,1022,2.1,NA,619.73,157.53,NA,NA,95.1,96.6,20,0,0.25064,0.23145,NA
143,BASE,D,1038,1.15,NA,2692.1,590.38,NA,NA,95.1,96.6,47.8,0,0.38093,0.28401,NA
143,BASE,E,1049,1.4,NA,1920.1,424.33,NA,NA,95.1,96.6,42.95,0,0.47079,0.33037,NA
143,BASE,F,1107,2.2,NA,699.66,156.84,NA,NA,95.1,96.6,40.55,0,0.2454,0.1494,NA
144,BASE,A,1057,1.6,NA,6286.7,642.89,NA,NA,95.8,95.8,NA,NA,NA,NA,NA
144,BASE,B,1049,1.4,NA,3773.5,916.08,NA,NA,95.8,95.8,NA,NA,NA,NA,NA
144,BASE,C,1043,2.1,NA,912.95,449.9,NA,NA,95.8,95.8,NA,NA,NA,NA,NA
144,BASE,D,1036,1.4,NA,8829.4,1214.8,NA,NA,95.8,95.8,NA,NA,NA,NA,NA
144,BASE,E,1028,1.5,NA,9349.2,724.54,NA,NA,95.8,95.8,NA,NA,NA,NA,NA
144,BASE,F,1015,2.1,NA,992.88,238.42,NA,NA,95.8,95.8,NA,NA,NA,NA,NA
145,BASE,A,1127,1.5,NA,5592.7,1131.8,NA,NA,95.7,96.4,NA,NA,NA,NA,NA
145,BASE,B,1118,1.5,NA,3336.6,819.59,NA,NA,95.7,96.4,NA,NA,NA,NA,NA
145,BASE,C,1111,2.1,NA,873.95,178.14,NA,NA,95.7,96.4,NA,NA,NA,NA,NA
145,BASE,D,1103,1.4,NA,6008.7,1008.3,NA,NA,95.7,96.4,NA,NA,NA,NA,NA
145,BASE,E,1056,1.2,NA,12137,1494.4,NA,NA,95.7,96.4,NA,NA,NA,NA,NA
145,BASE,F,1046,2.2,NA,910.1,276.77,NA,NA,95.7,96.4,NA,NA,NA,NA,NA
146,BASE,A,1137,1.4,NA,1255,2656.7,NA,NA,97.8,100,33.95,0,0.427385,0.026329,NA
146,BASE,B,1128,1.55,NA,743.64,2859,NA,NA,97.8,100,44.5,0,0.45378,0.0308735,NA
146,BASE,C,1120,2.18,NA,1020.5,210.03,NA,NA,97.8,100,23.3,0,0.474225,0.100478,NA
146,BASE,D,1111,1.4,NA,3951.5,697.53,NA,NA,97.8,100,39.75,0,0.520765,0,NA
146,BASE,E,1059,1.25,NA,7106.4,974.3,NA,NA,97.8,100,36.95,0,0.37553,0.0470685,NA
146,BASE,F,1048,2.1,NA,1149.9,309.42,NA,NA,97.8,100,181.75,0,0.48218,0.142992,NA
147,BASE,A,941,1.5,NA,1822,588.25,NA,NA,96.2,96.2,NA,NA,NA,NA,NA
147,BASE,B,948,1.3,NA,2955.8,688.32,NA,NA,96.2,96.2,NA,NA,NA,NA,NA
147,BASE,C,1015,2.1,NA,844.39,202.96,NA,NA,96.2,96.2,NA,NA,NA,NA,NA
147,BASE,D,1022,1.5,NA,3070,662.75,NA,NA,96.2,96.2,NA,NA,NA,NA,NA
147,BASE,E,1027,1.1,NA,5171.9,835.95,NA,NA,96.2,96.2,NA,NA,NA,NA,NA
147,BASE,F,1032,2.1,NA,574.95,141.24,NA,NA,96.2,96.2,NA,NA,NA,NA,NA
148,BASE,A,1011,1.55,NA,2255.2,568.38,NA,NA,98.2,96.3,31.5,0,0.0483,0.043632,0
148,BASE,B,1029,1.3,NA,3285.2,583.99,NA,NA,98.2,96.3,51.5,0.3,0.218,0.0807238,0.0482
148,BASE,C,1026,2,NA,1288,195.88,NA,NA,98.2,96.3,43.55,0,0.2591,0.152615,0.0112
148,BASE,D,1040,1.8,NA,6212.4,704.67,NA,NA,98.2,96.3,53.3,0,0.3497,0,0.0011
148,BASE,E,1054,1.3,NA,7781.3,1100.6,NA,NA,98.2,96.3,55.25,0,0.3681,0.015959,0.04945
148,BASE,F,935,2.1,NA,1261.3,290.93,NA,NA,98.2,96.3,26.85,0,0.2366,0.028107,0.06005
149,BASE,A,934,1.55,NA,3641.2,946.6,NA,NA,93.4,96.3,NA,NA,NA,NA,NA
149,BASE,B,939,1.4,NA,3846.8,535.74,NA,NA,93.4,96.3,NA,NA,NA,NA,NA
149,BASE,C,942,2.1,NA,1281.3,238.42,NA,NA,93.4,96.3,NA,NA,NA,NA,NA
149,BASE,D,945,1.9,NA,2865.3,382.47,NA,NA,93.4,96.3,NA,NA,NA,NA,NA
149,BASE,E,950,1.4,NA,9550.1,971.48,NA,NA,93.4,96.3,NA,NA,NA,NA,NA
149,BASE,F,953,2.1,NA,1947.7,344.88,NA,NA,93.4,96.3,NA,NA,NA,NA,NA
150,BASE,A,930,1.6,NA,2000,728.8,NA,NA,97.9,97.1,40.5,0,0.069543,0.051769,NA
150,BASE,B,934,1.7,NA,1483.4,326.46,NA,NA,97.9,97.1,35.35,0,0.184895,0.085191,NA
150,BASE,C,940,2.1,NA,477.85,136.29,NA,NA,97.9,97.1,16.7,0,0.19649,0.134935,NA
150,BASE,D,945,2,NA,565.5,99.38,NA,NA,97.9,97.1,19.75,0,0.19081,0.065634,NA
150,BASE,E,949,2.05,NA,1224.2,237.04,NA,NA,97.9,97.1,25.5,0,0.18952,0.0295285,NA
150,BASE,F,952,2.1,NA,609.27,165.36,NA,NA,97.9,97.1,23.55,0,0.201115,0.0510285,NA
151,BASE,A,1155,1.5,NA,2068.7,650.03,NA,NA,96.6,97.5,NA,NA,NA,NA,NA
151,BASE,B,1152,1.7,NA,819.61,184.54,NA,NA,96.6,97.5,NA,NA,NA,NA,NA
151,BASE,C,1149,2.1,NA,379.78,83.78,NA,NA,96.6,97.5,NA,NA,NA,NA,NA
151,BASE,D,1147,2,NA,308.45,88.75,NA,NA,96.6,97.5,NA,NA,NA,NA,NA
151,BASE,E,1143,2,NA,399.85,100.07,NA,NA,96.6,97.5,NA,NA,NA,NA,NA
151,BASE,F,1141,2.1,NA,351.3,73.81,NA,NA,96.6,97.5,NA,NA,NA,NA,NA
152,BASE,A,1057,1.6,NA,1776.3,570.52,NA,NA,98,97.6,NA,NA,NA,NA,NA
152,BASE,B,1053,1.6,NA,1286,246.25,NA,NA,98,97.6,NA,NA,NA,NA,NA
152,BASE,C,1048,2.05,NA,410.31,145.5,NA,NA,98,97.6,NA,NA,NA,NA,NA
152,BASE,D,1045,1.95,NA,433.16,151.13,NA,NA,98,97.6,NA,NA,NA,NA,NA
152,BASE,E,1040,2,NA,542.65,171.07,NA,NA,98,97.6,NA,NA,NA,NA,NA
152,BASE,F,1039,2.1,NA,531.17,178.14,NA,NA,98,97.6,NA,NA,NA,NA,NA
153,BASE,A,900,1.6,NA,928.18,304.47,NA,NA,96.9,96.8,234.45,0,0.19521,0,NA
153,BASE,B,910,1.8,NA,1265.1,256.91,NA,NA,96.9,96.8,34.3,0,0.304,0.0357605,NA
153,BASE,C,920,1.9,NA,416.91,158.28,NA,NA,96.9,96.8,39.05,0,0.152535,0.0750075,NA
153,BASE,D,930,1.96,NA,340.84,107.9,NA,NA,96.9,96.8,32.4,0,0.1866,0.0392365,NA
153,BASE,E,950,2,NA,535.95,277.46,NA,NA,96.9,96.8,21.85,0,0.0964685,0.0390415,NA
153,BASE,F,1010,2.05,NA,638.73,120.62,NA,NA,96.9,96.8,24.15,0,0.27589,0,NA
154,BASE,A,900,1.6,NA,728.2,171.07,NA,NA,97.3,96.3,NA,NA,NA,NA,NA
154,BASE,B,910,1.75,NA,695.91,102.89,NA,NA,97.3,96.3,NA,NA,NA,NA,NA
154,BASE,C,920,1.8,NA,439.77,114.98,NA,NA,97.3,96.3,NA,NA,NA,NA,NA
154,BASE,D,925,1.8,NA,357.91,92.99,NA,NA,97.3,96.3,NA,NA,NA,NA,NA
154,BASE,E,932,1.9,NA,771.06,205.09,NA,NA,97.3,96.3,NA,NA,NA,NA,NA
154,BASE,F,940,2,Na,944.33,217.18,NA,NA,97.3,96.3,NA,NA,NA,NA,NA
155,BASE,A,900,1.5,NA,1163.3,186.67,NA,NA,99.9,96.2,23.75,0,0.19158,0.08038,0.05675
155,BASE,B,910,1.7,NA,1137.6,167.4,NA,NA,99.9,96.2,48.75,0,0.25356,0.052263,0.0552
155,BASE,C,920,1.75,NA,380.76,85.15,NA,NA,99.9,96.2,25.2,0,0.29844,0.0708495,0.0572
155,BASE,D,930,1.85,NA,466.48,99.38,NA,NA,99.9,96.2,26.1,0,0.11208,NA,0.05375
155,BASE,E,945,1.9,NA,738.77,198.01,NA,NA,99.9,96.2,30.4,0,0.21492,0.16279,0.0602
155,BASE,F,1000,2,NA,1104.2,208.66,NA,NA,99.9,96.2,43.5,0,0.2789,0,0.0813
156,BASE,A,900,1.3,NA,845.3,211.48,NA,NA,91.4,95.9,NA,NA,NA,NA,NA
156,BASE,B,910,1.6,NA,701.59,155.4,NA,NA,91.4,95.9,NA,NA,NA,NA,NA
156,BASE,C,920,1.95,NA,287.52,50.38,NA,NA,91.4,95.9,NA,NA,NA,NA,NA
156,BASE,D,925,1.85,NA,354.15,46.87,NA,NA,91.4,95.9,NA,NA,NA,NA,NA
156,BASE,E,935,1.9,NA,783.45,237.04,NA,NA,91.4,95.9,NA,NA,NA,NA,NA
156,BASE,F,940,2,NA,692.05,217.87,NA,NA,91.4,95.9,NA,NA,NA,NA,NA
157,BASE,A,900,1.55,NA,503.55,199.38,NA,NA,96.4,96.1,30.2,0,0.307475,0.0336375,NA
157,BASE,B,915,1.85,NA,322.77,85.15,NA,NA,96.4,96.1,34.85,0,0.419075,0.142006,NA
157,BASE,C,930,1.9,NA,264.67,54.64,NA,NA,96.4,96.1,22.05,0,0.32722,0.0582105,NA
157,BASE,D,940,1.8,NA,548.34,119.24,NA,NA,96.4,96.1,26.75,0,0.336475,0.1036385,NA
157,BASE,E,950,1.85,NA,574.95,181.65,NA,NA,96.4,96.1,25.35,0,0.215955,0.074227,NA
157,BASE,F,1000,2,NA,510.25,190.17,NA,NA,96.4,96.1,32.3,0,0.47593,0.20667,NA
158,BASE,A,1052,1.5,NA,601.66,198.69,NA,NA,96,96.8,NA,NA,NA,NA,NA
158,BASE,B,1046,1.8,NA,491.26,112.16,NA,NA,96,96.8,NA,NA,NA,NA,NA
158,BASE,C,1040,1.9,NA,406.45,119.93,NA,NA,96,96.8,NA,NA,NA,NA,NA
158,BASE,D,1035,1.8,NA,693.06,157.33,NA,NA,96,96.8,NA,NA,NA,NA,NA
158,BASE,E,1029,1.85,NA,1083.3,288.11,NA,NA,96,96.8,NA,NA,NA,NA,NA
158,BASE,F,1024,2,NA,973.88,422.2,NA,NA,96,96.8,NA,NA,NA,NA,NA
159,BASE,A,1042,1.6,NA,614.05,212.16,NA,NA,96.7,96.4,NA,NA,NA,NA,NA
159,BASE,B,1046,1.9,NA,553.11,136.98,NA,NA,96.7,96.4,NA,NA,NA,NA,NA
159,BASE,C,1051,1.9,NA,570.27,111.41,NA,NA,96.7,96.4,NA,NA,NA,NA,NA
159,BASE,D,1056,1.8,NA,498.87,78.76,NA,NA,96.7,96.4,NA,NA,NA,NA,NA
159,BASE,E,1103,1.85,NA,1162.3,378.21,NA,NA,96.7,96.4,NA,NA,NA,NA,NA
159,BASE,F,1109,1.85,NA,732.98,368.32,NA,NA,96.7,96.4,NA,NA,NA,NA,NA
160,BASE,A,920,1.7,NA,561.64,122.75,NA,NA,96.3,96.1,28.3,0,0.30486,0.160735,NA
160,BASE,B,935,1.9,NA,353.13,48.25,NA,NA,96.3,96.1,29.75,0,0.227695,0.124625,NA
160,BASE,C,950,1.7,NA,382.69,57.53,NA,NA,96.3,96.1,23.3,0,0.1975105,0.1706055,NA
160,BASE,D,1000,1.73,NA,534.02,114.3,NA,NA,96.3,96.1,33.25,0,0.222515,0.22512,NA
160,BASE,E,1020,1.6,NA,485.47,166.8,NA,NA,96.3,96.1,28.6,0,0.17527,0.161965,NA
160,BASE,F,1040,1.95,NA,452.16,215.74,NA,NA,96.3,96.1,29.85,0,0.29276,0.178395,NA
161,BASE,A,905,1.65,NA,749.23,204.4,NA,NA,95.3,95.3,NA,NA,NA,NA,NA
161,BASE,B,911,1.6,NA,555.95,114.98,NA,NA,95.3,95.3,NA,NA,NA,NA,NA
161,BASE,C,919,1.85,NA,668.28,152.58,NA,NA,95.3,95.3,NA,NA,NA,NA,NA
161,BASE,D,925,1.6,NA,731.15,193.75,NA,NA,95.3,95.3,NA,NA,NA,NA,NA
161,BASE,E,935,1.7,NA,1116.6,361.92,NA,NA,95.3,95.3,NA,NA,NA,NA,NA
161,BASE,F,945,1.9,NA,788.23,364.74,NA,NA,95.3,95.3,NA,NA,NA,NA,NA
162,BASE,A,910,1.75,NA,1059.5,244.12,NA,NA,94.8,95.3,31.85,0,0.269645,0.05775,0.056
162,BASE,B,920,1.9,NA,813.01,227.77,NA,NA,94.8,95.3,32.55,0,0.318785,0.125505,0.0598
162,BASE,C,930,1.83,NA,1649.7,360.48,NA,NA,94.8,95.3,27.7,0,0.29849,0.04905,0.0384
162,BASE,D,945,1.7,NA,782.54,174.57,NA,NA,94.8,95.3,35.15,4.75,0.4356,0.19645,0.04905
162,BASE,E,1010,1.7,NA,1696.4,491.75,NA,NA,94.8,95.3,37.85,1.9,0.3423,0.14798,0.05955
162,BASE,F,1030,1.8,NA,1849.6,429.35,NA,NA,94.8,95.3,37.65,3.2,0.343975,0.02192,0.06635
163,BASE,A,900,1.8,NA,714.9,340.62,NA,NA,98.7,97,NA,NA,NA,NA,NA
163,BASE,B,910,2,NA,562.66,181.65,NA,NA,98.7,97,NA,NA,NA,NA,NA
163,BASE,C,920,1.83,NA,408.38,121.37,NA,NA,98.7,97,NA,NA,NA,NA,NA
163,BASE,D,930,1.66,NA,540.72,112.16,NA,NA,98.7,97,NA,NA,NA,NA,NA
163,BASE,E,940,1.78,NA,642.59,281.72,NA,NA,98.7,97,NA,NA,NA,NA,NA
163,BASE,F,950,1.91,NA,452.16,229.9,NA,NA,98.7,97,NA,NA,NA,NA,NA
164,BASE,A,910,1.6,NA,817.78,378.21,NA,NA,95.4,97.5,37.65,0.25,0.226775,0.1974,NA
164,BASE,B,920,1.8,NA,719.67,249.83,NA,NA,95.4,97.5,52.95,0,0.43178,0.136645,NA
164,BASE,C,930,1.8,NA,705.45,220.69,NA,NA,95.4,97.5,25.15,0,0.505695,0.02695,NA
164,BASE,D,940,1.64,NA,446.47,126.32,NA,NA,95.4,97.5,34.5,6.05,0.498165,0.1807,NA
164,BASE,E,950,1.75,NA,553.11,159.66,NA,NA,95.4,97.5,29.95,3.05,0.51737,0.088015,NA
164,BASE,F,1000,1.9,NA,438.85,118.49,NA,NA,95.4,97.5,41.7,4,0.49472,0.150625,NA
165,BASE,A,1044,1.6,NA,1527.9,546.39,NA,NA,97.7,97.4,NA,NA,NA,NA,NA
165,BASE,B,1037,1.85,NA,782.54,175.26,NA,NA,97.7,97.4,NA,NA,NA,NA,NA
165,BASE,C,1030,1.8,NA,1106.2,305.15,NA,NA,97.7,97.4,NA,NA,NA,NA,NA
165,BASE,D,1023,1.65,NA,806.3,227.77,NA,NA,97.7,97.4,NA,NA,NA,NA,NA
165,BASE,E,1016,1.75,NA,805.39,260.41,NA,NA,97.7,97.4,NA,NA,NA,NA,NA
165,BASE,F,1013,1.9,NA,593.02,279.51,NA,NA,97.7,97.4,NA,NA,NA,NA,NA
166,BASE,A,1108,1.6,NA,1468.9,698.28,NA,NA,97.5,97.3,NA,NA,NA,NA,NA
166,BASE,B,1105,1.7,NA,576.8,131.27,NA,NA,97.5,97.3,NA,NA,NA,NA,NA
166,BASE,C,1101,1.8,NA,751.05,224.95,NA,NA,97.5,97.3,NA,NA,NA,NA,NA
166,BASE,D,1058,1.6,NA,736.84,246.94,NA,NA,97.5,97.3,NA,NA,NA,NA,NA
166,BASE,E,1054,1.7,NA,754,310.1,NA,NA,97.5,97.3,NA,NA,NA,NA,NA
166,BASE,F,1051,1.75,NA,512.18,117.11,NA,NA,97.5,97.3,NA,NA,NA,NA,NA
167,BASE,A,910,1.5,NA,1835.3,829.55,NA,NA,97.2,97.4,42.5,4.2,0.25586,0.180085,NA
167,BASE,B,920,1.8,NA,607.34,215.05,NA,NA,97.2,97.4,27.1,0,0.22832,0.21877,NA
167,BASE,C,930,1.75,NA,748.21,218.21,NA,NA,97.2,97.4,23.55,0,0.17398,0.133875,NA
167,BASE,D,940,1.6,NA,549.25,143.37,NA,NA,97.2,97.4,38.45,8.65,0.31178,0.0832,NA
167,BASE,E,953,1.7,NA,536.86,148.32,NA,NA,97.2,97.4,37.75,4.55,0.0880875,0.131825,NA
167,BASE,F,1010,1.86,NA,371.31,119.24,NA,NA,97.2,97.4,35.9,4.45,0.1697015,0.17101,NA
168,BASE,A,900,1.44,NA,1003.3,484.67,NA,NA,97.2,97.3,NA,NA,NA,NA,NA
168,BASE,B,910,1.9,NA,789.14,195.19,NA,NA,97.2,97.3,NA,NA,NA,NA,NA
168,BASE,C,920,1.74,NA,606.43,160.41,NA,NA,97.2,97.3,NA,NA,NA,NA,NA
168,BASE,D,930,1.59,NA,499.79,166.05,NA,NA,97.2,97.3,NA,NA,NA,NA,NA
168,BASE,E,940,1.68,NA,657.82,194.43,NA,NA,97.2,97.3,NA,NA,NA,NA,NA
168,BASE,F,950,1.85,NA,523.55,163.23,NA,NA,97.2,97.3,NA,NA,NA,NA,NA
169,BASE,A,900,1.45,NA,1008.1,370.45,NA,NA,96.4,96.9,NA,1.65,0.42235,0.20842,0
169,BASE,B,910,1.8,NA,570.27,179.52,NA,NA,96.4,96.9,NA,0,0.473505,0.181835,0.00435
169,BASE,C,920,1.55,NA,638.73,190.93,NA,NA,96.4,96.9,NA,0,0.48582,0.06975,0.00095
169,BASE,D,930,1.66,NA,562.66,168.93,NA,NA,96.4,96.9,NA,6.2,0.615215,0.12176,0.0027
169,BASE,E,945,1.67,NA,677.83,172.44,NA,NA,96.4,96.9,NA,4.9,0.65208,0.091285,0.0009
169,BASE,F,1000,1.84,NA,476.02,122.06,NA,NA,96.4,96.9,NA,3.6,0.513635,0.254815,0.01175
170,BASE,A,900,1.45,NA,1654.5,502.41,NA,NA,96.8,96.5,NA,NA,NA,NA,NA
170,BASE,B,910,1.75,NA,640.66,203.64,NA,NA,96.8,96.5,NA,NA,NA,NA,NA
170,BASE,C,920,1.73,NA,457.84,117.8,NA,NA,96.8,96.5,NA,NA,NA,NA,NA
170,BASE,D,930,1.55,NA,911.02,275.33,NA,NA,96.8,96.5,NA,NA,NA,NA,NA
170,BASE,E,940,1.65,NA,1148.9,376.08,NA,NA,96.8,96.5,NA,NA,NA,NA,NA
170,BASE,F,950,1.83,NA,618.82,190.17,NA,NA,96.8,96.5,NA,NA,NA,NA,NA
171,BASE,A,900,1.5,NA,3507.9,1368.8,NA,NA,96.2,96.6,40.2,1.6,0.212545,0.001047,NA
171,BASE,B,920,1.65,NA,809.15,297.32,NA,NA,96.2,96.6,29.8,0,0.160687,0.045202,NA
171,BASE,C,930,1.74,NA,524.57,142.68,NA,NA,96.2,96.6,20.3,0,0.157955,0,NA
171,BASE,D,940,1.45,NA,1210.9,332.85,NA,NA,96.2,96.6,43.45,4.45,0.25529,0.020601,NA
171,BASE,E,950,1.64,NA,1397.5,395.95,NA,NA,96.2,96.6,42.5,6.7,0.26938,0.1084785,NA
171,BASE,F,1000,1.6,NA,684.43,228.52,NA,NA,96.2,96.6,40.8,4.05,0.175025,0.078732,NA
172,BASE,A,1140,1.45,NA,4171.4,1044.5,NA,NA,96.2,96.4,NA,NA,NA,NA,NA
172,BASE,B,1134,1.6,NA,1146.1,217.87,NA,NA,96.2,96.4,NA,NA,NA,NA,NA
172,BASE,C,1127,1.7,NA,714.9,157.53,NA,NA,96.2,96.4,NA,NA,NA,NA,NA
172,BASE,D,1120,1.55,NA,1320.4,428.59,NA,NA,96.2,96.4,NA,NA,NA,NA,NA
172,BASE,E,1114,1.65,NA,1832.4,500.96,NA,NA,96.2,96.4,NA,NA,NA,NA,NA
172,BASE,F,1107,1.6,NA,1288.9,306.6,NA,NA,96.2,96.4,NA,NA,NA,NA,NA
173,BASE,A,925,1.4,NA,1494.5,547.84,NA,NA,97.6,96.2,NA,NA,NA,NA,NA
173,BASE,B,930,1.55,NA,783.45,198.69,NA,NA,97.6,96.2,NA,NA,NA,NA,NA
173,BASE,C,935,1.7,NA,740.59,281.72,NA,NA,97.6,96.2,NA,NA,NA,NA,NA
173,BASE,D,941,1.35,NA,2400.8,681.92,NA,NA,97.6,96.2,NA,NA,NA,NA,NA
173,BASE,E,946,1.45,NA,2344.6,687.63,NA,NA,97.6,96.2,NA,NA,NA,NA,NA
173,BASE,F,952,1.8,NA,1608.8,523.71,NA,NA,97.6,96.2,NA,NA,NA,NA,NA
174,BASE,A,900,1.3,NA,2146.6,486.8,NA,NA,94.9,95.9,37.4,0,0.13582,0.131715,NA
174,BASE,B,920,1.6,NA,1525.4,256.91,NA,NA,94.9,95.9,29.2,0,0.364065,0.223295,NA
174,BASE,C,940,1.7,NA,811.99,166.8,NA,NA,94.9,95.9,26.9,0,0.24622,0.238355,NA
174,BASE,D,950,1.35,NA,2648.3,769.97,NA,NA,94.9,95.9,54,10.75,0.24595,0.109315,NA
174,BASE,E,1000,1.5,NA,1306,302.34,NA,NA,94.9,95.9,68.4,12.2,0.33068,0.19829,NA
174,BASE,F,1020,1.5,NA,2761.6,375.4,NA,NA,94.9,95.9,49.35,4.05,0.2327,0.04675,NA
175,BASE,A,900,1.4,NA,2444.6,1203.3,331.3,97.94,95.5,96.3,41.6,1.3,0.27924,0.070822,NA
175,BASE,B,910,1.75,NA,592.1,197.32,379.84,64.6,95.5,96.3,24.4,0,0.280205,0.086029,NA
175,BASE,C,920,1.74,NA,432.15,127.77,373.14,124.19,95.5,96.3,21.3,0,0.240485,0,NA
175,BASE,D,930,1.59,NA,1318.4,474.02,404.62,93.68,95.5,96.3,53.3,12.2,0.29905,0.004355,NA
175,BASE,E,940,1.67,NA,649.54,210.03,403.61,152.58,95.5,96.3,49.55,14.95,0.37574,0,NA
175,BASE,F,950,1.6,NA,918.63,329.28,354.15,39.04,95.5,96.3,42.25,8.2,0.27514,0,NA
176,PULSE1,A,900,1.5,NA,2723.6,1146.7,420.77,84.47,96.3,96.4,48.95,5.9,0.290575,0.244595,0
176,PULSE1,B,900,1.7,NA,606.43,180.27,384.62,95.27,96.3,96.4,23.85,0,0.38354,0.14386,0.0053
176,PULSE1,C,910,1.73,NA,441.7,110.03,319.62,71,96.3,96.4,61.9,0,0.35315,0.120063,0.00325
176,PULSE1,D,920,1.5,NA,1110.8,316.49,340.84,55.4,96.3,96.4,52.45,11.75,0.454735,0.138795,0
176,PULSE1,E,930,1.65,NA,587.34,154.02,331.3,27.7,96.3,96.4,49.85,14.6,0.39483,0.11305,0.0053
176,PULSE1,F,940,1.74,NA,804.37,251.2,281.73,65.29,96.3,96.4,48.65,8.4,0.401775,0.050831,0
177,PULSE1,A,900,NA,NA,1306.3,476.15,535.03,185.22,97,96.5,42.25,0.25,0.424785,0,NA
177,PULSE1,B,910,NA,NA,478.87,124.19,301.74,101.51,97,96.5,24.85,0,0.350015,0.016227,NA
177,PULSE1,C,920,NA,NA,301.74,18.49,237.96,9.21,97,96.5,19.15,0,0.410105,0.1259,NA
177,PULSE1,D,930,NA,NA,1368.9,434.98,426.46,37.59,97,96.5,45.9,5.5,0.439745,0.0818,NA
177,PULSE1,E,940,NA,NA,1203.3,337.04,364.61,43.3,97,96.5,47.85,12.2,0.438745,0.079145,NA
177,PULSE1,F,950,NA,NA,497.86,107.9,262.74,41.17,97,96.5,41.75,4.4,0.591835,0,NA
178,PULSE1,A,900,1.35,NA,2584.5,645.77,620.65,232.03,96,96.2,27.95,0.85,0.17579,0,NA
178,PULSE1,B,910,1.55,NA,2412.3,424.33,395.99,95.12,96,96.2,27.6,0,0.30683,0.0947515,NA
178,PULSE1,C,920,1.73,NA,722.52,167.49,584.49,146.19,96,96.2,24.2,0,0.189075,0.1098595,NA
178,PULSE1,D,930,1.15,NA,3289,755.05,995.72,266.8,96,96.2,56.25,5.95,0.553345,0.00832535,NA
178,PULSE1,E,940,1.25,NA,2090.4,491.07,1335.6,254.02,96,96.2,78.2,27.25,0.33907,0.0525395,NA
178,PULSE1,F,950,1.48,NA,2395.1,393.81,820.6,163.23,96,96.2,58.15,5.4,0.339415,0.08355,NA
179,PULSE1,A,1217,1.3,NA,2822.5,706.05,NA,NA,94.5,96.1,NA,NA,NA,NA,NA
179,PULSE1,B,1215,1.55,NA,881.56,197.32,NA,NA,94.5,96.1,NA,NA,NA,NA,NA
179,PULSE1,C,1212,1.7,NA,512.18,130.58,NA,NA,94.5,96.1,NA,NA,NA,NA,NA
179,PULSE1,D,1209,1.5,NA,2656.9,728.8,NA,NA,94.5,96.1,NA,NA,NA,NA,NA
179,PULSE1,E,1207,1.4,NA,1180.4,352.71,NA,NA,94.5,96.1,NA,NA,NA,NA,NA
179,PULSE1,F,1204,1.35,NA,1559.4,405.91,NA,NA,94.5,96.1,NA,NA,NA,NA,NA
180,PULSE1,A,1049,1.35,NA,5341.4,2924.5,NA,NA,97.2,95.6,NA,NA,NA,NA,NA
180,PULSE1,B,1044,1.5,NA,997.65,239.86,NA,NA,97.2,95.6,NA,NA,NA,NA,NA
180,PULSE1,C,1039,1.8,NA,543.56,113.54,NA,NA,97.2,95.6,NA,NA,NA,NA,NA
180,PULSE1,D,1034,1.4,NA,2500.7,773.73,NA,NA,97.2,95.6,NA,NA,NA,NA,NA
180,PULSE1,E,1028,1.45,NA,2199.9,698.28,NA,NA,97.2,95.6,NA,NA,NA,NA,NA
180,PULSE1,F,1022,1.55,NA,2315.2,576.2,NA,NA,97.2,95.6,NA,NA,NA,NA,NA
181,PULSE1,A,1040,1.25,NA,3005.3,1087.8,641.67,68.87,95.3,95.8,50.65,0,0.30243,0.06865,NA
181,PULSE1,B,1026,1.45,NA,794.14,199.3,408.38,110.72,95.3,95.8,28.65,0,0.42055,0.14873,NA
181,PULSE1,C,1013,1.7,NA,450.33,120.62,339.83,63.16,95.3,95.8,22.65,0,0.25665,0.07615,NA
181,PULSE1,D,1001,1.45,NA,2338,766.39,448.4,75.26,95.3,95.8,45.55,4.7,0.286835,0.198005,NA
181,PULSE1,E,946,1.5,NA,1367,489.62,417.93,56.77,95.3,95.8,53.6,9,0.35879,0.24176,NA
181,PULSE1,F,933,1.5,NA,968.2,254.2,357.93,62.47,95.3,95.8,46.95,2.8,0.347675,0.0531,NA
182,PULSE1,A,900,1.28,NA,1557.4,483.23,454.09,68.87,99.5,96,NA,NA,NA,NA,NA
182,PULSE1,B,920,1.43,NA,607.34,254.78,337.9,119.93,99.5,96,NA,NA,NA,NA,NA
182,PULSE1,C,940,1.68,NA,455,136.29,336.98,82.34,99.5,96,NA,NA,NA,NA,NA
182,PULSE1,D,1000,1.37,NA,2018.1,669.9,431.23,126.32,99.5,96,NA,NA,NA,NA,NA
182,PULSE1,E,1020,1.3,NA,1576.4,583.3,478.87,158.97,99.5,96,NA,NA,NA,NA,NA
182,PULSE1,F,1040,1.55,NA,884.41,413.75,386.55,94.36,99.5,96,NA,NA,NA,NA,NA
183,PULSE1,A,940,1.3,NA,1568.8,441.37,375.07,83.78,92.5,96,47.9,0,0.42773,0,0.00965
183,PULSE1,B,955,1.6,NA,648.27,302.34,316.98,45.43,92.5,96,28.75,0,0.47403,0,0.06175
183,PULSE1,C,1010,1.68,NA,486.48,91.55,281.73,24.88,92.5,96,19.8,0,0.356625,0.039622,0.002
183,PULSE1,D,1030,1.36,NA,3308,1136,535.95,86.6,92.5,96,53.85,10.15,0.564345,0.036323,0
183,PULSE1,E,1050,1.4,NA,1382.2,483.99,540.72,80.89,92.5,96,59.65,13.3,0.52511,0,0.00435
183,PULSE1,F,1110,1.44,NA,858.71,254.78,300.83,44.74,92.5,96,59.4,4.95,0.554355,0.073733,0
184,PULSE1,A,900,1.32,NA,1304.1,427.22,NA,NA,96.5,96.7,NA,NA,NA,NA,NA
184,PULSE1,B,900,1.63,NA,602.57,227.77,NA,NA,96.5,96.7,NA,NA,NA,NA,NA
184,PULSE1,C,920,1.66,NA,474.09,121.37,NA,NA,96.5,96.7,NA,NA,NA,NA,NA
184,PULSE1,D,930,1.3,NA,1568.8,468.38,NA,NA,96.5,96.7,NA,NA,NA,NA,NA
184,PULSE1,E,945,1.44,NA,1063.3,303.02,NA,NA,96.5,96.7,NA,NA,NA,NA,NA
184,PULSE1,F,1000,1.44,NA,1339.4,385.36,NA,NA,96.5,96.7,NA,NA,NA,NA,NA
185,PULSE1,A,900,1.3,NA,1836.3,711.07,538.79,124.19,97.1,96.9,49.25,0.7,0.47162,0.20554,NA
185,PULSE1,B,910,1.6,NA,972.87,361.24,289.35,63.85,97.1,96.9,33.7,0,0.43287,0.15227,NA
185,PULSE1,C,920,1.65,NA,534.02,150.45,283.66,53.26,97.1,96.9,26.55,0,0.48231,0.15586,NA
185,PULSE1,D,935,0.9,NA,1822,689,478.87,50.38,97.1,96.9,42,6.05,0.556035,0.17312,NA
185,PULSE1,E,950,1.5,NA,1097.5,248.38,410.31,106.46,97.1,96.9,47.7,11.6,0.444575,0.16963,NA
185,PULSE1,F,1010,1.47,NA,1270,369,296.97,6.39,97.1,96.9,41.1,3.2,0.58636,0.0456,NA
186,PULSE1,A,1127,1.3,NA,2643.5,806.12,NA,NA,96.8,96.8,NA,NA,NA,NA,NA
186,PULSE1,B,1118,1.6,NA,909.09,317.94,NA,NA,96.8,96.8,NA,NA,NA,NA,NA
186,PULSE1,C,1110,1.7,NA,561.64,151.13,NA,NA,96.8,96.8,NA,NA,NA,NA,NA
186,PULSE1,D,1102,1,NA,1333.7,440.69,NA,NA,96.8,96.8,NA,NA,NA,NA,NA
186,PULSE1,E,1053,1.5,NA,897.71,299.45,NA,NA,96.8,96.8,NA,NA,NA,NA,NA
186,PULSE1,F,1041,1.45,NA,1081.4,310.1,NA,NA,96.8,96.8,NA,NA,NA,NA,NA
187,PULSE1,A,1217,1.3,NA,1509.8,317.94,NA,NA,97.4,96.7,NA,NA,NA,NA,NA
187,PULSE1,B,1201,1.45,NA,974.8,491.75,NA,NA,97.4,96.7,NA,NA,NA,NA,NA
187,PULSE1,C,1148,1.6,NA,553.11,137.66,NA,NA,97.4,96.7,NA,NA,NA,NA,NA
187,PULSE1,D,1137,1.1,NA,1803.9,621.65,NA,NA,97.4,96.7,NA,NA,NA,NA,NA
187,PULSE1,E,1124,1.5,NA,1454.5,444.95,NA,NA,97.4,96.7,NA,NA,NA,NA,NA
187,PULSE1,F,1111,1.4,NA,1039.5,247.7,NA,NA,97.4,96.7,NA,NA,NA,NA,NA
188,PULSE1,A,915,1.25,NA,2059,650.03,427.48,53.26,96.7,96.7,55.9,0.15,0.41786,0.121505,NA
188,PULSE1,B,930,1.56,NA,727.29,294.5,331.3,66.74,96.7,96.7,30.6,0,0.354615,0.0998,NA
188,PULSE1,C,945,1.54,NA,418.84,187.35,284.68,78.76,96.7,96.7,42.1,0,0.2453,0.23831,NA
188,PULSE1,D,1000,1.25,NA,1173.7,320.76,487.4,92.99,96.7,96.7,40.85,5.9,0.19281,0.17918,NA
188,PULSE1,E,1020,1.3,NA,1333.7,359.11,736.84,165.36,96.7,96.7,53.45,10.35,0.207615,0.18456,NA
188,PULSE1,F,1030,1.45,NA,1095.7,307.29,517.87,43.3,96.7,96.7,53.5,3.05,0.44337,0.209445,NA
189,PULSE1,A,930,1.3,NA,2120,405.91,NA,NA,96.2,96.6,NA,NA,NA,NA,NA
189,PULSE1,B,945,1.54,NA,986.27,398.08,NA,NA,96.2,96.6,NA,NA,NA,NA,NA
189,PULSE1,C,1000,1.55,NA,692.05,199.38,NA,NA,96.2,96.6,NA,NA,NA,NA,NA
189,PULSE1,D,1015,1.1,NA,1072.9,263.3,NA,NA,96.2,96.6,NA,NA,NA,NA,NA
189,PULSE1,E,1035,1.7,NA,1684,590.38,NA,NA,96.2,96.6,NA,NA,NA,NA,NA
189,PULSE1,F,1050,1.33,NA,1656.3,542.89,NA,NA,96.2,96.6,NA,NA,NA,NA,NA
190,PULSE1,A,1010,1.12,NA,2779.7,637.25,433.16,105.02,96.1,96.2,77.05,1,0.694305,0.2578,0.0085
190,PULSE1,B,1000,1.63,NA,895.78,408.04,341.76,88.04,96.1,96.2,34.55,0,0.5467,0.16694,0.0065
190,PULSE1,C,945,1.46,NA,594.04,156.15,313.22,33.4,96.1,96.2,31.15,0,0.672785,0.12295,0.00725
190,PULSE1,D,930,1.27,NA,724.45,195.19,411.23,39.04,96.1,96.2,44,6.4,0.658815,6.24E-02,0.0013
190,PULSE1,E,920,1.28,NA,1590.7,478.28,403.61,28.38,96.1,96.2,54.65,11.7,0.64178,9.65E-02,0.00585
190,PULSE1,F,910,1.4,NA,1714.4,381.1,466.48,39.04,96.1,96.2,63.05,3.95,0.333705,0,0
191,PULSE1,A,950,1.15,NA,2367.5,473.33,NA,NA,96.2,95.9,NA,NA,NA,NA,NA
191,PULSE1,B,1010,1.63,NA,1606.9,558.49,NA,NA,96.2,95.9,NA,NA,NA,NA,NA
191,PULSE1,C,940,1.46,NA,798.69,307.29,NA,NA,96.2,95.9,NA,NA,NA,NA,NA
191,PULSE1,D,930,1.27,NA,1155.6,279.59,NA,NA,96.2,95.9,NA,NA,NA,NA,NA
191,PULSE1,E,920,1.28,NA,2886.3,1062.2,NA,NA,96.2,95.9,NA,NA,NA,NA,NA
191,PULSE1,F,910,1.4,NA,2011.5,652.85,NA,NA,96.2,95.9,NA,NA,NA,NA,NA
192,PULSE1,A,1010,1.03,NA,4158.1,996.29,430.32,95.12,95.6,96.6,129.8,1.6,0.27313,0.22823,NA
192,PULSE1,B,950,1.52,NA,2054.3,629.42,373.14,26.25,95.6,96.6,35.75,0.05,0.20601,0.17808,NA
192,PULSE1,C,935,1.25,NA,859.62,263.99,344.6,77.39,95.6,96.6,46.35,0.9,0.309985,0.157065,NA
192,PULSE1,D,920,1.16,NA,966.27,196.56,443.63,113.54,95.6,96.6,93.4,13.1,0.1219305,0.0332,NA
192,PULSE1,E,910,1.24,NA,2299.9,830.24,574.03,97.94,95.6,96.6,73.55,15.2,0.18841,0.0516,NA
192,PULSE1,F,900,1.23,NA,1464.1,546.39,478.87,114.3,95.6,96.6,65,3.3,0.191425,0.10966,NA
193,PULSE1,A,,1.3,NA,4039.1,745.09,NA,NA,96.5,96.5,NA,NA,NA,NA,NA
193,PULSE1,B,,1.4,NA,2934.8,563.4,NA,NA,96.5,96.5,NA,NA,NA,NA,NA
193,PULSE1,C,,1.2,NA,1361.3,289.55,NA,NA,96.5,96.5,NA,NA,NA,NA,NA
193,PULSE1,D,,1,NA,1308,214.3,NA,NA,96.5,96.5,NA,NA,NA,NA,NA
193,PULSE1,E,,1.6,NA,2100,563.44,NA,NA,96.5,96.5,NA,NA,NA,NA,NA
193,PULSE1,F,,1.4,NA,1016.7,502.41,NA,NA,96.5,96.5,NA,NA,NA,NA,NA
194,PULSE1,A,1029,0.9,NA,3989.4,1026.8,NA,NA,101.7,96.6,NA,NA,NA,NA,NA
194,PULSE1,B,1022,1.5,NA,5497.5,1310.6,NA,NA,101.7,96.6,NA,NA,NA,NA,NA
194,PULSE1,C,1019,1.45,NA,1763,412.3,NA,NA,101.7,96.6,NA,NA,NA,NA,NA
194,PULSE1,D,1014,1.25,NA,1061.4,249.07,NA,NA,101.7,96.6,NA,NA,NA,NA,NA
194,PULSE1,E,1010,1.35,NA,2019,784.81,NA,NA,101.7,96.6,NA,NA,NA,NA,NA
194,PULSE1,F,1003,1.35,NA,1096.6,373.26,NA,NA,101.7,96.6,NA,NA,NA,NA,NA
195,PULSE1,A,1045,0.76,NA,5745,1417.1,456.02,100.76,85.7,96.5,152.85,4.25,0.58084,0.237585,NA
195,PULSE1,B,1030,1.47,NA,1755.4,527.22,377,83.02,85.7,96.5,41.65,0,0.39267,0.222985,NA
195,PULSE1,C,1010,1.3,NA,632.12,228.52,337.9,57.53,85.7,96.5,33.4,0,0.38198,0.200365,NA
195,PULSE1,D,955,0.87,NA,817.78,186.67,419.86,80.21,85.7,96.5,51.1,6.7,0.398345,0.227935,NA
195,PULSE1,E,940,1.16,NA,1391.8,415.12,415.09,71.68,85.7,96.5,57.5,9.1,0.446365,0.34921,NA
195,PULSE1,F,920,1.55,NA,728.2,260.41,415.09,33.4,85.7,96.5,47,1.6,0.45091,0.19432,NA
196,PULSE1,A,935,0.8,NA,8326.8,1576.7,NA,NA,99.3,96.2,NA,NA,NA,NA,NA
196,PULSE1,B,930,1.46,NA,5567,1336.2,NA,NA,99.3,96.2,NA,NA,NA,NA,NA
196,PULSE1,C,925,1.47,NA,1134.7,347.01,NA,NA,99.3,96.2,NA,NA,NA,NA,NA
196,PULSE1,D,920,0.9,NA,951.95,199.38,NA,NA,99.3,96.2,NA,NA,NA,NA,NA
196,PULSE1,E,910,1.36,NA,2180,646.46,NA,NA,99.3,96.2,NA,NA,NA,NA,NA
196,PULSE1,F,900,1.38,NA,1039.5,315.05,NA,NA,99.3,96.2,NA,NA,NA,NA,NA
197,PULSE1,A,1000,0.77,NA,12695,2329.6,643.5,118.49,96.7,96.6,144.1,2.2,0.5177,0.119805,0.00845
197,PULSE1,B,945,1.2,NA,5147.2,836.63,475.01,79.52,96.7,96.6,44.45,0.4,0.2864,0.1137315,0
197,PULSE1,C,935,1.3,NA,2622.6,491.07,452.16,148.32,96.7,96.6,36.7,1.95,0.3258,0.0489448,0.0038
197,PULSE1,D,925,1.15,NA,1346.1,294.5,582.56,119.93,96.7,96.6,49.7,5.2,0.2638,0.11429,0.00605
197,PULSE1,E,915,1.17,NA,1735.4,325.7,567.33,119.24,96.7,96.6,51.5,8.15,0.292,0.104832,0.0077
197,PULSE1,F,900,1.34,NA,1393.6,406.6,527.41,133.4,96.7,96.6,44.4,3.2,0.3552,0.02548985,0.02495
198,PULSE1,A,1321,0.9,NA,2971.1,665.4,NA,NA,99.2,96.7,NA,NA,NA,NA,NA
198,PULSE1,B,1315,1.35,NA,2926.3,569.14,NA,NA,99.2,96.7,NA,NA,NA,NA,NA
198,PULSE1,C,1313,1.4,NA,713.07,193.06,NA,NA,99.2,96.7,NA,NA,NA,NA,NA
198,PULSE1,D,1311,1.35,NA,926.25,146.87,NA,NA,99.2,96.7,NA,NA,NA,NA,NA
198,PULSE1,E,1307,1,NA,1314.6,310.79,NA,NA,99.2,96.7,NA,NA,NA,NA,NA
198,PULSE1,F,1301,1.5,NA,638.73,146.19,NA,NA,99.2,96.7,NA,NA,NA,NA,NA
199,PULSE1,A,1059,0.95,NA,8143.9,2048.6,449.31,71,95.4,96.8,134.35,2.75,0.38733,0.1476,NA
199,PULSE1,B,1043,1.4,NA,1367,383.92,470.23,56.08,95.4,96.8,35,0,0.236695,0.159885,NA
199,PULSE1,C,1030,1.4,NA,772.49,195.88,468.41,99.38,95.4,96.8,37.1,0,0.249375,0.081065,NA
199,PULSE1,D,1015,1.15,NA,670.21,205.77,508.32,68.11,95.4,96.8,42.2,3.05,0.24845,0.0446,NA
199,PULSE1,E,947,1.1,NA,745.37,190.17,486.46,40.48,95.4,96.8,53.85,7.4,0.24674,0.0511,NA
199,PULSE1,F,1003,1.4,NA,687.27,193.06,127.46,40.48,95.4,96.8,40.8,2.1,0.285025,0.16789,NA
200,PULSE1,A,1105,0.9,NA,4044.9,1180.7,NA,NA,95.3,96.4,NA,NA,NA,NA,NA
200,PULSE1,B,1058,1.3,NA,1109,312.92,NA,NA,95.3,96.4,NA,NA,NA,NA,NA
200,PULSE1,C,1053,1.5,NA,732.06,260.41,NA,NA,95.3,96.4,NA,NA,NA,NA,NA
200,PULSE1,D,1046,1.1,NA,1027.2,253.33,NA,NA,95.3,96.4,NA,NA,NA,NA,NA
200,PULSE1,E,1036,1.25,NA,745.37,275.33,NA,NA,95.3,96.4,NA,NA,NA,NA,NA
200,PULSE1,F,1027,1.45,NA,639.74,344.88,NA,NA,95.3,96.4,NA,NA,NA,NA,NA
201,PULSE1,A,1344,1.25,NA,1636.6,405.22,NA,NA,95,96.6,NA,NA,NA,NA,NA
201,PULSE1,B,1339,1.5,NA,1484.1,342.75,NA,NA,95,96.6,NA,NA,NA,NA,NA
201,PULSE1,C,1333,1.45,NA,831.09,202.96,NA,NA,95,96.6,NA,NA,NA,NA,NA
201,PULSE1,D,1327,1.3,NA,1009.1,266.12,NA,NA,95,96.6,NA,NA,NA,NA,NA
201,PULSE1,E,1319,1.4,NA,1005.1,419.38,NA,NA,95,96.6,NA,NA,NA,NA,NA
201,PULSE1,F,1315,1.5,NA,910.17,373.26,NA,NA,95,96.6,NA,NA,NA,NA,NA
202,PULSE1,A,1040,0.84,NA,9606.2,1888.2,443.63,39.73,98.5,96.7,140.2,4.25,0.860925,0.197735,NA
202,PULSE1,B,1020,1.38,NA,1665.9,442.82,375.98,42.61,98.5,96.7,32.2,2.3,0.42419,0.150745,NA
202,PULSE1,C,1000,1.44,NA,1025.2,270.38,374.16,73.81,98.5,96.7,35.15,0,0.578165,0.10334,NA
202,PULSE1,D,940,1.08,NA,1011.9,415.12,480.7,102.2,98.5,96.7,40.65,2.6,0.397185,0.142505,NA
202,PULSE1,E,920,1.1,NA,1180.4,469.07,517.87,132.71,98.5,96.7,56.9,22.75,0.16022,0.13184,NA
202,PULSE1,F,900,1.33,NA,1294.7,660.67,408.38,82.34,98.5,96.7,40.45,5.3,0.412525,0.262875,NA
203,PULSE1,A,1000,0.52,NA,11013,2389.9,NA,NA,94.5,96.5,NA,NA,NA,NA,NA
203,PULSE1,B,950,1.48,NA,1362.2,442.82,NA,NA,94.5,96.5,NA,NA,NA,NA,NA
203,PULSE1,C,940,1.45,NA,1288.9,344.88,NA,NA,94.5,96.5,NA,NA,NA,NA,NA
203,PULSE1,D,920,1.28,NA,889.18,303.71,NA,NA,94.5,96.5,NA,NA,NA,NA,NA
203,PULSE1,E,910,1.15,NA,1146.1,459.86,NA,NA,94.5,96.5,NA,NA,NA,NA,NA
203,PULSE1,F,900,1.48,NA,1157.6,586.87,NA,NA,94.5,96.5,NA,NA,NA,NA,NA
204,PULSE1,A,850,0.7,NA,5303.3,1292.9,430.32,63.16,98.3,96.7,169.75,1.95,0.8262,0.121285,0.02395
204,PULSE1,B,900,1.68,NA,964.34,234.91,351.3,61.79,98.3,96.7,46.5,0,0.334,0.1080595,0.02385
204,PULSE1,C,910,1.52,NA,915.79,201.51,388.38,93.68,98.3,96.7,53.4,0.7,0.3346,0.09132095,0.0239
204,PULSE1,D,920,0.87,NA,797.77,239.18,456.02,150.45,98.3,96.7,52.45,5.95,0.4664,0.167565,0.0177
204,PULSE1,E,940,1.31,NA,1154.7,349.14,413.16,34.87,98.3,96.7,51.95,6.95,0.3191,0.0830475,0.01615
204,PULSE1,F,950,1.4,NA,1018.5,383.92,378.93,46.87,98.3,96.7,44.1,2.5,0.3631,0.046476,0.01855
205,PULSE1,A,950,0.78,NA,4315.2,1064.4,NA,NA,97.2,97,NA,NA,NA,NA,NA
205,PULSE1,B,940,1.64,NA,1335.6,400.96,NA,NA,97.2,97,NA,NA,NA,NA,NA
205,PULSE1,C,930,1.55,NA,754,234.91,NA,NA,97.2,97,NA,NA,NA,NA,NA
205,PULSE1,D,920,1.07,NA,714.9,242.68,NA,NA,97.2,97,NA,NA,NA,NA,NA
205,PULSE1,E,910,1.32,NA,845.3,314.36,NA,NA,97.2,97,NA,NA,NA,NA,NA
205,PULSE1,F,900,1.35,NA,1268.9,517.32,NA,NA,97.2,97,NA,NA,NA,NA,NA
206,PULSE1,A,1040,0.84,NA,3588.9,911.82,407.47,37.59,97,96.9,93.35,0.7,0.77441,0.135805,NA
206,PULSE1,B,1020,1.6,NA,2011.5,394.57,340.84,22.75,97,96.9,45.15,0,0.635875,0.273235,NA
206,PULSE1,C,1000,1.52,NA,1089.9,220,360.75,57.53,97,96.9,42.45,0.35,0.4523,0.229505,NA
206,PULSE1,D,940,1.16,NA,654.98,196.56,459.77,78.08,97,96.9,58,5.1,0.28673,0.15321,NA
206,PULSE1,E,920,1.31,NA,969.11,390.31,388.38,83.78,97,96.9,47.05,5.05,0.270995,0.22661,NA
206,PULSE1,F,900,1.43,NA,1341.3,410.17,447.38,110.72,97,96.9,55.85,1.7,0.29182,0.18659,NA
207,PULSE1,A,,1.1,NA,5265.3,963.64,NA,NA,97,97,NA,NA,NA,NA,NA
207,PULSE1,B,,1.5,NA,3539.3,552.78,NA,NA,97,97,NA,NA,NA,NA,NA
207,PULSE1,C,,1.4,NA,1308.9,300.89,NA,NA,97,97,NA,NA,NA,NA,NA
207,PULSE1,D,,1.25,NA,2306.5,566.25,NA,NA,97,97,NA,NA,NA,NA,NA
207,PULSE1,E,,1.25,NA,2469.3,914.71,NA,NA,97,97,NA,NA,NA,NA,NA
207,PULSE1,F,,1.4,NA,3091.3,884.88,NA,NA,97,97,NA,NA,NA,NA,NA
208,PULSE1,A,,1.1,NA,8167.7,1308.5,NA,NA,97,97,NA,NA,NA,NA,NA
208,PULSE1,B,,1.4,NA,4103.9,510.93,NA,NA,97,97,NA,NA,NA,NA,NA
208,PULSE1,C,,1.3,NA,2453.2,645.77,NA,NA,97,97,NA,NA,NA,NA,NA
208,PULSE1,D,,1.1,NA,2289.4,457.7,NA,NA,97,97,NA,NA,NA,NA,NA
208,PULSE1,E,,1.1,NA,4162.9,1109.8,NA,NA,97,97,NA,NA,NA,NA,NA
208,PULSE1,F,,1.3,NA,4246.7,1058.7,NA,NA,97,97,NA,NA,NA,NA,NA
209,PULSE1,A,1040,1.01,NA,6492.3,1554.7,425.55,17.73,93.1,96.8,92.85,0.55,0.788245,0.303715,NA
209,PULSE1,B,1020,1.4,NA,2287.5,505,343.69,83.78,93.1,96.8,47.5,0,0.412085,0.222305,NA
209,PULSE1,C,1000,1.28,NA,1192.8,369,357.91,75.26,93.1,96.8,44.6,0.35,0.600335,0.21242,NA
209,PULSE1,D,940,1.18,NA,1137.6,218.56,468.41,70.24,93.1,96.8,276.55,1.8,0.56365,0.260605,NA
209,PULSE1,E,920,1.2,NA,1079.5,276.77,454.09,52.51,93.1,96.8,52.95,6.9,0.30966,0.305815,NA
209,PULSE1,F,900,1.25,NA,2603.6,656.43,684.43,127.77,93.1,96.8,53.15,2.1,0.55414,0.21432,NA
210,PULSE1,A,945,1.05,NA,3317.5,767.08,440.78,59.66,96.6,96.6,85.7,0,0.5307,0.036837,NA
210,PULSE1,B,940,1.52,NA,1599.3,410.86,395.08,97.25,96.6,96.6,58.15,0,0.4098,0.0856635,NA
210,PULSE1,C,930,1.51,NA,950.02,295.94,407.47,91.55,96.6,96.6,46.3,0,0.3524,0.109267,NA
210,PULSE1,D,920,0.9,NA,852.92,271.82,509.34,101.51,96.6,96.6,47.25,2.75,0.8181,0.22345,NA
210,PULSE1,E,910,1.14,NA,911.02,318.63,467.39,58.91,96.6,96.6,51.8,0.685,0.2803,0.052105,NA
210,PULSE1,F,900,1.3,NA,2022,764.26,654.98,186.67,96.6,96.6,49.35,0.42,0.449,0.173065,NA
211,PULSE2,A,1000,1.2,NA,2651.1,649.28,450.33,36.91,97.6,96.4,73,0.085,0.589545,0.171285,0.0078
211,PULSE2,B,950,1.35,NA,1450.8,403.78,401.68,61.03,97.6,96.4,46.05,0,0.32086,0.1899,0.01645
211,PULSE2,C,940,1.34,NA,1720.1,324.33,361.77,127.77,97.6,96.4,42,0.02,0.383885,0.31011,0.00895
211,PULSE2,D,920,1.1,NA,1175.6,303.02,473.08,91.55,97.6,96.4,38.15,0.15,0.50279,0.243275,0.0103
211,PULSE2,E,910,1.2,NA,1021.4,266.12,446.47,45.43,97.6,96.4,44.1,0,0.37915,0.144625,0.01155
211,PULSE2,F,900,1.45,NA,1735.4,525.15,496.95,66.74,97.6,96.4,52.75,0.19,0.338635,0.137495,0.0135
212,PULSE2,A,935,1.08,NA,3483.1,890.58,408.38,30.52,98.6,96.4,74.6,0,0.60616,0.133905,NA
212,PULSE2,B,930,1.1,NA,3694.5,1047.3,369.38,54.64,98.6,96.4,42.45,0,0.252485,0.202525,NA
212,PULSE2,C,925,1.23,NA,1862.9,522.27,399.38,95.12,98.6,96.4,39.5,0.55,0.387965,0.036353,NA
212,PULSE2,D,920,1.2,NA,1050.9,234.16,524.57,132.71,98.6,96.4,35.3,0,0.27738,0.1022965,NA
212,PULSE2,E,910,1.26,NA,1144.3,339.93,478.87,89.42,98.6,96.4,50.05,4.2,0.293015,0.01998865,NA
212,PULSE2,F,900,1.4,NA,3402.3,1031,448.4,82.34,98.6,96.4,55.7,3.05,0.577295,0.1157465,NA
213,PULSE2,A,1040,1.14,NA,2780.6,664.19,451.24,56.08,94.7,96.7,70.15,0,0.22989,0.1144215,NA
213,PULSE2,B,1020,0.97,NA,2641.7,547.15,375.07,8.52,94.7,96.7,33.85,0,0.28925,0.13374,NA
213,PULSE2,C,1000,1.15,NA,1727.7,493.88,400.77,27.01,94.7,96.7,52.7,0.05,0.270985,0.230505,NA
213,PULSE2,D,940,1.11,NA,937.73,194.43,529.24,129.14,94.7,96.7,38.05,0.005,0.25767,0.218225,NA
213,PULSE2,E,920,1.24,NA,787.31,320.76,476.94,92.23,94.7,96.7,41.95,0.525,0.072215,0.0541495,NA
213,PULSE2,F,900,1.18,NA,1850.5,527.97,421.69,134.85,94.7,96.7,43.85,0.065,0.239455,0.147245,NA
214,PULSE2,A,,1.3,NA,3273.7,667.01,NA,NA,97,96.7,NA,NA,NA,NA,NA
214,PULSE2,B,,1.25,NA,3578.4,686.94,NA,NA,97,96.7,NA,NA,NA,NA,NA
214,PULSE2,C,,1.15,NA,2074.3,465.5,NA,NA,97,96.7,NA,NA,NA,NA,NA
214,PULSE2,D,,1.2,NA,2811.1,639.38,NA,NA,97,96.7,NA,NA,NA,NA,NA
214,PULSE2,E,,1.25,NA,2730.2,629.42,NA,NA,97,96.7,NA,NA,NA,NA,NA
214,PULSE2,F,,1.35,NA,2959.2,545.7,NA,NA,97,96.7,NA,NA,NA,NA,NA
215,PULSE2,A,,1.3,NA,4360.8,694.71,NA,NA,91.7,96.7,NA,NA,NA,NA,NA
215,PULSE2,B,,1.2,NA,5454.7,923.23,NA,NA,91.7,96.7,NA,NA,NA,NA,NA
215,PULSE2,C,,1.05,NA,2895.8,510.24,NA,NA,91.7,96.7,NA,NA,NA,NA,NA
215,PULSE2,D,,1.2,NA,1332.7,265.43,NA,NA,91.7,96.7,NA,NA,NA,NA,NA
215,PULSE2,E,,1.2,NA,3876.4,823.7,NA,NA,91.7,96.7,NA,NA,NA,NA,NA
215,PULSE2,F,,1.25,NA,2969.1,577.66,NA,NA,91.7,96.7,NA,NA,NA,NA,NA
216,PULSE2,A,1025,1.03,NA,2035.3,500.96,435.09,71,92.9,97.1,68.75,0.05,0.60458,0,NA
216,PULSE2,B,1010,0.82,NA,3492.7,789.83,351.3,34.09,92.9,97.1,51.5,0,0.71762,0.0131745,NA
216,PULSE2,C,950,1,NA,1338.4,316.49,364.61,65.29,92.9,97.1,57,0.3,0.739275,0.05683385,NA
216,PULSE2,D,940,1.1,NA,655.89,167.49,512.18,101.51,92.9,97.1,45.7,2.4,0.555405,0.14487,NA
216,PULSE2,E,925,1.29,NA,1031.9,238.42,458.86,124.19,92.9,97.1,49.05,5.05,0.521345,0.060014,NA
216,PULSE2,F,905,1.23,NA,959.56,205.09,381.77,63.16,92.9,97.1,52.05,2.25,0.534355,0.101633,NA
217,PULSE2,A,930,1.18,NA,2038.1,539.31,NA,NA,90.4,97.2,NA,NA,NA,NA,NA
217,PULSE2,B,920,1.2,NA,3588.9,823.16,NA,NA,90.4,97.2,NA,NA,NA,NA,NA
217,PULSE2,C,915,1.12,NA,1288.9,322.2,NA,NA,90.4,97.2,NA,NA,NA,NA,NA
217,PULSE2,D,910,1.34,NA,771.06,180.06,NA,NA,90.4,97.2,NA,NA,NA,NA,NA
217,PULSE2,E,905,1.45,NA,921.48,279.59,NA,NA,90.4,97.2,NA,NA,NA,NA,NA
217,PULSE2,F,900,1.2,NA,1489.8,308.66,NA,NA,90.4,97.2,NA,NA,NA,NA,NA
218,PULSE2,A,1000,1.28,NA,1610.6,354.85,390.3,97.25,109.3,97,170.35,0.05,0.410685,0.25432,0.0156
218,PULSE2,B,940,1.25,NA,3112.8,509.48,364.61,21.99,109.3,97,41.7,0,0.34832,0.21084,0.00895
218,PULSE2,C,930,1.16,NA,1454.5,330.72,374.16,52.51,109.3,97,52.75,0.1,0.276615,0.23477,0.02485
218,PULSE2,D,920,1.2,NA,662.59,127.77,507.41,117.11,109.3,97,60.75,3.2,0.38679,0.171515,0.01545
218,PULSE2,E,910,1.4,NA,952.96,254.78,442.71,95.12,109.3,97,48.95,4.55,0.388385,0.170065,0.09015
218,PULSE2,F,900,1.33,NA,964.34,235.6,347.45,25.57,109.3,97,57.15,3.35,0.424215,0.28546,0.0092
219,PULSE2,A,950,1.47,NA,1278.4,262.54,NA,NA,97,96.8,NA,NA,NA,NA,NA
219,PULSE2,B,940,1.3,NA,2976.8,671.27,NA,NA,97,96.8,NA,NA,NA,NA,NA
219,PULSE2,C,930,1.42,NA,1325,315.05,NA,NA,97,96.8,NA,NA,NA,NA,NA
219,PULSE2,D,920,1.31,NA,772.08,215.74,NA,NA,97,96.8,NA,NA,NA,NA,NA
219,PULSE2,E,910,1.45,NA,957.63,281.03,NA,NA,97,96.8,NA,NA,NA,NA,NA
219,PULSE2,F,900,1.14,NA,1136.6,285.29,NA,NA,97,96.8,NA,NA,NA,NA,NA
220,PULSE2,A,1030,1.35,1,3298.5,401.65,458.86,113.54,94.9,96.8,64.8,0,0.27916,0.163465,NA
220,PULSE2,B,1010,1.17,1,8700.9,1310.6,412.24,61.79,94.9,96.8,52.15,0,0.29574,0.12886,NA
220,PULSE2,C,950,1.4,1,2930.1,433.61,403.61,75.26,94.9,96.8,47.65,0,0.33976,0.159725,NA
220,PULSE2,D,930,1.25,1,717.74,198.69,578.8,97.25,94.9,96.8,45.6,0,0.25812,0.148175,NA
220,PULSE2,E,910,1.45,0,1145.2,294.5,550.27,95.81,94.9,96.8,39.95,0.12,0.17272,0.14224,NA
220,PULSE2,F,900,1.35,1,1770.6,272.51,438.35,106.46,94.9,96.8,50.6,0.005,0.326935,0.154895,NA
221,PULSE2,A,NA,1.2,1,6354.8,733.75,NA,NA,95.3,96.8,NA,NA,NA,NA,NA
221,PULSE2,B,NA,1.25,1,6419,993.47,NA,NA,95.3,96.8,NA,NA,NA,NA,NA
221,PULSE2,C,NA,1.2,1,2407.5,421.51,NA,NA,95.3,96.8,NA,NA,NA,NA,NA
221,PULSE2,D,NA,1.2,1,1476.5,310.1,NA,NA,95.3,96.8,NA,NA,NA,NA,NA
221,PULSE2,E,NA,1.25,1,1855.3,419.38,NA,NA,95.3,96.8,NA,NA,NA,NA,NA
221,PULSE2,F,NA,1.35,1,1561.2,223.57,NA,NA,95.3,96.8,NA,NA,NA,NA,NA
222,PULSE2,A,NA,1.4,1,2834,430.72,NA,NA,NA,NA,NA,NA,NA,NA,NA
222,PULSE2,B,NA,1.25,1,3152.9,440,NA,NA,NA,NA,NA,NA,NA,NA,NA
222,PULSE2,C,NA,1.3,1,1474.9,266,NA,NA,NA,NA,NA,NA,NA,NA,NA
222,PULSE2,D,NA,1.1,1,1261.3,295.19,NA,NA,NA,NA,NA,NA,NA,NA,NA
222,PULSE2,E,NA,1.25,1,2695.3,498.14,NA,NA,NA,NA,NA,NA,NA,NA,NA
222,PULSE2,F,NA,1.5,1,1593.6,255.46,NA,NA,NA,NA,NA,NA,NA,NA,NA
223,PULSE2,A,1005,1.55,1,2085.7,305.15,423.62,64.6,96.5,96.3,59.1,0.65,0.709385,0.214525,NA
223,PULSE2,B,955,1.35,1,6110.6,712.44,391.22,7.15,96.5,96.3,80.95,0,0.884725,0.1162675,NA
223,PULSE2,C,943,1.5,0,1810.6,254.02,377,89.42,96.5,96.3,45.8,0,0.854765,0.173505,NA
223,PULSE2,D,931,1.25,1,1179.4,223.57,540.72,68.87,96.5,96.3,47.8,1.5,0.78664,0.147741,NA
223,PULSE2,E,917,1.4,0,1493.6,144.05,519.8,95.81,96.5,96.3,60.3,0.45,0.64277,0.119875,NA
223,PULSE2,F,905,1.65,0,1613.6,357.66,454.09,106.46,96.5,96.3,43.85,0.05,0.75843,0,NA
224,PULSE2,A,1113,1.2,1,5068.3,999.86,NA,NA,97.7,96.7,NA,NA,NA,NA,NA
224,PULSE2,B,1103,1.1,1,3681.2,758.56,NA,NA,97.7,96.7,NA,NA,NA,NA,NA
224,PULSE2,C,1048,1.1,1,1463.2,329.77,NA,NA,97.7,96.7,NA,NA,NA,NA,NA
224,PULSE2,D,1036,1.05,1,1425.1,363.3,NA,NA,97.7,96.7,NA,NA,NA,NA,NA
224,PULSE2,E,1023,1.2,1,955.8,215.05,NA,NA,97.7,96.7,NA,NA,NA,NA,NA
224,PULSE2,F,1010,1.4,1,997.65,148.32,NA,NA,97.7,96.7,NA,NA,NA,NA,NA
225,PULSE2,A,1032,1.2,1,3215.7,449.21,409.3,55.4,97.7,96.7,59,1.15,0.289985,0.243175,0.02765
225,PULSE2,B,1026,1.3,1,3127.3,569.83,435.09,46.12,97.7,96.7,53.95,0,0.58458,0.23232,0.02325
225,PULSE2,C,1021,1.25,1,2147.6,422.2,414.07,62.47,97.7,96.7,52.95,0,0.34159,0.124405,0.0095
225,PULSE2,D,1015,1.25,1,1929.5,416.56,558.8,55.4,97.7,96.7,70.65,0,0.542485,0.077733,0.0104
225,PULSE2,E,1009,1.4,0,1056.6,283.16,555.04,112.16,97.7,96.7,39.85,0.5,0.500175,0.119045,0.01255
225,PULSE2,F,1003,1.65,0,948.19,174.57,445.55,80.89,97.7,96.7,45.45,0.05,0.461805,0.091352,0.0133
226,PULSE2,A,1059,1.1,1,2674,491.07,NA,NA,96.4,96.8,NA,NA,NA,NA,NA
226,PULSE2,B,1047,1.25,1,2925.4,512.37,NA,NA,96.4,96.8,NA,NA,NA,NA,NA
226,PULSE2,C,1033,1.3,1,1407.9,223.57,NA,NA,96.4,96.8,NA,NA,NA,NA,NA
226,PULSE2,D,1021,1.15,1,1147.1,315.05,NA,NA,96.4,96.8,NA,NA,NA,NA,NA
226,PULSE2,E,1007,1.35,1,953.87,236.29,NA,NA,96.4,96.8,NA,NA,NA,NA,NA
226,PULSE2,F,957,1.6,1,937.73,160.41,NA,NA,96.4,96.8,NA,NA,NA,NA,NA
227,PULSE2,A,1240,1.1,1,4923.5,1067.2,565.5,102.84,93.8,96.6,77.55,0,0.485965,0.244415,NA
227,PULSE2,B,1238,1.3,1,2102.8,361.92,521.62,105.77,93.8,96.6,40.9,0,0.469405,0.251805,NA
227,PULSE2,C,1236,1.3,1,1075.7,195.19,476.94,53.26,93.8,96.6,41.8,0,0.57929,0.24848,NA
227,PULSE2,D,1223,1.2,1,982.41,178.14,541.63,78.76,93.8,96.6,46.2,0,0.57321,0.20152,NA
227,PULSE2,E,1214,1.3,1,962.41,274.64,526.41,84.47,93.8,96.6,43,0,0.32863,0.19685,NA
227,PULSE2,F,1203,1.6,1,931.94,119.24,465.46,84.49,93.8,96.6,37.05,0,0.418775,0.15187,NA
228,PULSE2,A,NA,1.1,1,2373.2,547.12,NA,NA,NA,NA,NA,NA,NA,NA,NA
228,PULSE2,B,NA,1.23,1,3231.9,449.12,NA,NA,NA,NA,NA,NA,NA,NA,NA
228,PULSE2,C,NA,1.43,1,2472.2,434.8,NA,NA,NA,NA,NA,NA,NA,NA,NA
228,PULSE2,D,NA,1.13,1,1294.7,344.88,NA,NA,NA,NA,NA,NA,NA,NA,NA
228,PULSE2,E,NA,1.4,0,1548.8,293.1,NA,NA,NA,NA,NA,NA,NA,NA,NA
228,PULSE2,F,NA,1.5,1,2131.4,388.9,NA,NA,NA,NA,NA,NA,NA,NA,NA
229,PULSE2,A,NA,1.1,1,17448,2542.8,NA,NA,NA,NA,NA,NA,NA,NA,NA
229,PULSE2,B,NA,1.15,1,6752.8,1092.1,NA,NA,NA,NA,NA,NA,NA,NA,NA
229,PULSE2,C,NA,1.1,1,9293.9,1466,NA,NA,NA,NA,NA,NA,NA,NA,NA
229,PULSE2,D,NA,0.9,1,18748,2717,NA,NA,NA,NA,NA,NA,NA,NA,NA
229,PULSE2,E,NA,1.2,1,3465,840.21,NA,NA,NA,NA,NA,NA,NA,NA,NA
229,PULSE2,F,NA,1.25,1,2845.1,608.33,NA,NA,NA,NA,NA,NA,NA,NA,NA
230,PULSE2,A,932,0.9,1,7040.7,812.51,582.7,111.41,94.6,98.6,41.85,0,0.360845,0.13362,NA
230,PULSE2,B,922,1.25,1,3035.8,432.85,589.27,104.33,94.6,98.6,36,0,0.469455,0.12402,NA
230,PULSE2,C,912,1.15,1,2872,383.23,450.33,47.56,94.6,98.6,33.4,0,0.394175,0.1347555,NA
230,PULSE2,D,903,1.2,1,1074.7,200.14,526.4,93.68,94.6,98.6,44.35,0.01,0.49222,0.0220525,NA
230,PULSE2,E,853,1.35,1,1290.8,271.82,543.56,128.45,94.6,98.6,36.4,0.25,0.30053,0.1239995,NA
230,PULSE2,F,845,1.25,1,2532.2,285.98,490.24,90.17,94.6,98.6,35.05,0.035,0.337455,0.070405,NA
231,PULSE2,A,1007,0.95,1,4054.3,852.23,NA,NA,103.9,98.6,NA,NA,NA,NA,NA
231,PULSE2,B,947,0.95,1,2953,527.97,NA,NA,103.9,98.6,NA,NA,NA,NA,NA
231,PULSE2,C,933,1.05,1,2631.1,439.24,NA,NA,103.9,98.6,NA,NA,NA,NA,NA
231,PULSE2,D,919,1.25,1,1281.3,236.29,NA,NA,103.9,98.6,NA,NA,NA,NA,NA
231,PULSE2,E,906,1.4,1,1073.8,212.16,NA,NA,103.9,98.6,NA,NA,NA,NA,NA
231,PULSE2,F,851,1.25,1,2026.6,320.07,NA,NA,103.9,98.6,NA,NA,NA,NA,NA
232,PULSE2,A,914,1.05,1,3002.4,373.95,482.63,90.17,100.3,96.7,39.8,0,0.3475,0.2578,0.00685
232,PULSE2,B,911,1.1,1,2165.7,325.7,473.08,139.79,100.3,96.7,31,0,0.4367,0.2216,0.0064
232,PULSE2,C,907,1.1,1,2069.5,356.22,447.38,88.04,100.3,96.7,32.25,0,0.5188,0.2852,0
232,PULSE2,D,903,1.2,1,1148.9,201.51,520.71,102.2,100.3,96.7,42.85,0.95,0.4009,0.2794,0
232,PULSE2,E,859,1.4,0,1144.3,310.1,564.48,114.3,100.3,96.7,40.2,2.35,0.4521,0.2536,0.0003
232,PULSE2,F,854,1.45,1,2105.7,273.95,435.09,97.99,100.3,96.7,41.5,0,0.4803,0.162,0.0017
233,PULSE2,A,1115,0.9,1,4713.2,766.39,NA,NA,100.1,96.8,NA,NA,NA,NA,NA
233,PULSE2,B,1103,1.1,1,2865.3,386.74,NA,NA,100.1,96.8,NA,NA,NA,NA,NA
233,PULSE2,C,1052,1.15,1,2290.4,379.66,NA,NA,100.1,96.8,NA,NA,NA,NA,NA
233,PULSE2,D,1040,1.3,1,2965.3,674.16,NA,NA,100.1,96.8,NA,NA,NA,NA,NA
233,PULSE2,E,950,1.4,0,966.27,136.98,NA,NA,100.1,96.8,NA,NA,NA,NA,NA
233,PULSE2,F,938,1.6,1,2563.6,313.68,NA,NA,100.1,96.8,NA,NA,NA,NA,NA
234,PULSE2,A,945,1.25,1,2037.2,387.49,434.08,113.54,NA,NA,39.45,0,0.400545,0.221005,NA
234,PULSE2,B,942,1.2,1,2808.3,422.96,464.39,86.6,NA,NA,32.4,0,0.42865,0.137365,NA
234,PULSE2,C,939,1.3,1,1357.4,256.15,490.24,118.49,NA,NA,35.95,0,0.484655,0.149115,NA
234,PULSE2,D,936,1.25,1,918.63,151.13,526.4,86.6,NA,NA,48.55,0,0.743125,0.204965,NA
234,PULSE2,E,933,1.4,0,1088,270.38,548.34,80.21,NA,NA,42.3,0.45,0.486635,0.203835,NA
234,PULSE2,F,929,1.6,1,2647.4,339.18,526.4,105.77,NA,NA,35.8,0,0.363415,0.140585,NA
235,PULSE2,A,NA,1.3,1,6482.8,872.25,NA,NA,NA,NA,NA,NA,NA,NA,NA
235,PULSE2,B,NA,1.33,1,6270.5,762.13,NA,NA,NA,NA,NA,NA,NA,NA,NA
235,PULSE2,C,NA,1.44,1,4016.2,575.53,NA,NA,NA,NA,NA,NA,NA,NA,NA
235,PULSE2,D,NA,1.35,1,1591.6,223.57,NA,NA,NA,NA,NA,NA,NA,NA,NA
235,PULSE2,E,NA,1.4,0,1356.5,258.28,NA,NA,NA,NA,NA,NA,NA,NA,NA
235,PULSE2,F,NA,1.6,0,1691.6,295.94,NA,NA,NA,NA,NA,NA,NA,NA,NA
236,PULSE2,A,950,1.2,1,10501.1,1181.5,NA,NA,NA,NA,NA,NA,NA,NA,NA
236,PULSE2,B,955,1.35,1,8231.6,901.92,NA,NA,NA,NA,NA,NA,NA,NA,NA
236,PULSE2,C,10,1.55,0,5109.2,635.12,NA,NA,NA,NA,NA,NA,NA,NA,NA
236,PULSE2,D,1005,1.4,0,1891.5,317.94,NA,NA,NA,NA,NA,NA,NA,NA,NA
236,PULSE2,E,1010,1.4,0,2219.5,407.35,NA,NA,NA,NA,NA,NA,NA,NA,NA
236,PULSE2,F,1015,1.4,1,1907.7,307.97,NA,NA,NA,NA,NA,NA,NA,NA,NA
237,PULSE2,A,947,1.25,1,2693.1,409.48,404.62,63.16,86,96.7,55.65,0,0.51158,0.086345,NA
237,PULSE2,B,942,1.4,1,1476.5,239.18,449.31,62.47,86,96.7,36.1,0,0.504275,0.033242,NA
237,PULSE2,C,933,1.5,1,1414.6,266.12,392.33,102.2,86,96.7,32.75,0,0.51813,0.138695,NA
237,PULSE2,D,927,1.35,1,1701.1,176.7,465.46,48.25,86,96.7,50,0.2,0.68104,0.22597,NA
237,PULSE2,E,922,1.35,1,1351.8,252.65,493.09,65.29,86,96.7,37.6,0,0.39145,0.0921735,NA
237,PULSE2,F,916,1.4,1,1740.1,189.48,417.93,67.42,86,96.7,38.4,0,0.657245,0.1148885,NA
238,PULSE2,A,1004,1.3,1,7067.3,1495.1,NA,NA,100.3,96.7,NA,NA,NA,NA,NA
238,PULSE2,B,951,1.4,1,4246.7,664.91,NA,NA,100.3,96.7,NA,NA,NA,NA,NA
238,PULSE2,C,938,1.45,1,4569.4,778.42,NA,NA,100.3,96.7,NA,NA,NA,NA,NA
238,PULSE2,D,27,1.2,1,4276.1,495.33,NA,NA,100.3,96.7,NA,NA,NA,NA,NA
238,PULSE2,E,915,1.25,1,2522.7,464.12,NA,NA,100.3,96.7,NA,NA,NA,NA,NA
238,PULSE2,F,908,1.4,1,6090.7,772.78,NA,NA,100.3,96.7,NA,NA,NA,NA,NA
239,PULSE2,A,923,1.25,1,3240.4,500.27,486.48,94.36,92.7,96.4,47.5,0,0.51901,0.1154295,0.00535
239,PULSE2,B,917,1.45,1,1654.5,233.47,488.31,56.77,92.7,96.4,27.85,0,0.565085,0.090522,0.008
239,PULSE2,C,911,1.5,0,1198.5,73.88,470.23,85.91,92.7,96.4,30,0,0.457905,0.070969,0.0099
239,PULSE2,D,906,1.25,1,1403.1,187.35,506.49,99.38,92.7,96.4,40.2,0.05,0.50855,0.05122615,0.0043
239,PULSE2,E,900,1.35,1,1219.4,231.34,544.48,106.46,92.7,96.4,37.95,0.35,0.58978,0.061249,0.00415
239,PULSE2,F,853,1.58,1,1532.6,198.69,529.24,137.66,92.7,96.4,35,0.1,0.643985,0.0559745,0.0047
240,PULSE2,A,958,1.2,1,3324.2,395.26,NA,NA,102.7,96.4,NA,NA,NA,NA,NA
240,PULSE2,B,944,1.3,1,2449.3,370.45,NA,NA,102.7,96.4,NA,NA,NA,NA,NA
240,PULSE2,C,930,1.35,1,1356.5,266.8,NA,NA,102.7,96.4,NA,NA,NA,NA,NA
240,PULSE2,D,917,1.2,1,2125.7,287.42,NA,NA,102.7,96.4,NA,NA,NA,NA,NA
240,PULSE2,E,903,1.1,1,2345.5,259.04,NA,NA,102.7,96.4,NA,NA,NA,NA,NA
240,PULSE2,F,851,1.45,1,2495,344.88,NA,NA,102.7,96.4,NA,NA,NA,NA,NA
241,PULSE2,A,1016,0.9,1,2152.4,272.51,416,60.34,NA,NA,58.75,0,0.67045,0.070342,NA
241,PULSE2,B,1010,1.3,1,1602.1,305.84,445.55,63.85,NA,NA,38.75,0,0.60223,0.046729,NA
241,PULSE2,C,1001,1.3,1,1307,249.07,420.77,45.43,NA,NA,30.85,0,0.74221,0.06807,NA
241,PULSE2,D,954,1.15,1,1210.9,150.45,474.09,87.29,NA,NA,36.85,0,0.71447,0.1638,NA
241,PULSE2,E,948,1.2,1,1949.5,376.08,516.95,107.9,NA,NA,38.3,0,0.645375,0.155265,NA
241,PULSE2,F,938,1.35,1,2286.5,352.71,440.78,93.68,NA,NA,46.65,0.05,0.84946,0.0311565,NA
